trial_id,cluster_pair,cluster_a,cluster_b,anchor_cluster,distractor_cluster,repeat_idx,primary_key,image_A_cluster,image_A_source_index,image_A_role,image_A_center_cells_path,image_A_gen_imgs_path,image_B_cluster,image_B_source_index,image_B_role,correct_answer,correct_cluster,image_B_center_cells_path,image_B_gen_imgs_path,image_C_cluster,image_C_source_index,image_C_role,image_C_center_cells_path,image_C_gen_imgs_path
1,0_1,0,1,1,0,0,center_cells,1,48,same_1,/gpfs/radev/home/rj265/project/cluster_odd_one_out_survey/images/trial_0001_A_center_cells.png,/gpfs/radev/home/rj265/project/cluster_odd_one_out_survey/images/trial_0001_A_gen_imgs.png,0,2,distractor,B,0,/gpfs/radev/home/rj265/project/cluster_odd_one_out_survey/images/trial_0001_B_center_cells.png,/gpfs/radev/home/rj265/project/cluster_odd_one_out_survey/images/trial_0001_B_gen_imgs.png,1,26,same_2,/gpfs/radev/home/rj265/project/cluster_odd_one_out_survey/images/trial_0001_C_center_cells.png,/gpfs/radev/home/rj265/project/cluster_odd_one_out_survey/images/trial_0001_C_gen_imgs.png
2,0_2,0,2,0,2,0,center_cells,0,30,same_2,/gpfs/radev/home/rj265/project/cluster_odd_one_out_survey/images/trial_0002_A_center_cells.png,/gpfs/radev/home/rj265/project/cluster_odd_one_out_survey/images/trial_0002_A_gen_imgs.png,0,19,same_1,C,2,/gpfs/radev/home/rj265/project/cluster_odd_one_out_survey/images/trial_0002_B_center_cells.png,/gpfs/radev/home/rj265/project/cluster_odd_one_out_survey/images/trial_0002_B_gen_imgs.png,2,22,distractor,/gpfs/radev/home/rj265/project/cluster_odd_one_out_survey/images/trial_0002_C_center_cells.png,/gpfs/radev/home/rj265/project/cluster_odd_one_out_survey/images/trial_0002_C_gen_imgs.png
3,0_3,0,3,3,0,0,center_cells,0,48,distractor,/gpfs/radev/home/rj265/project/cluster_odd_one_out_survey/images/trial_0003_A_center_cells.png,/gpfs/radev/home/rj265/project/cluster_odd_one_out_survey/images/trial_0003_A_gen_imgs.png,3,8,same_2,A,0,/gpfs/radev/home/rj265/project/cluster_odd_one_out_survey/images/trial_0003_B_center_cells.png,/gpfs/radev/home/rj265/project/cluster_odd_one_out_survey/images/trial_0003_B_gen_imgs.png,3,18,same_1,/gpfs/radev/home/rj265/project/cluster_odd_one_out_survey/images/trial_0003_C_center_cells.png,/gpfs/radev/home/rj265/project/cluster_odd_one_out_survey/images/trial_0003_C_gen_imgs.png
4,0_4,0,4,4,0,0,center_cells,0,38,distractor,/gpfs/radev/home/rj265/project/cluster_odd_one_out_survey/images/trial_0004_A_center_cells.png,/gpfs/radev/home/rj265/project/cluster_odd_one_out_survey/images/trial_0004_A_gen_imgs.png,4,45,same_2,A,0,/gpfs/radev/home/rj265/project/cluster_odd_one_out_survey/images/trial_0004_B_center_cells.png,/gpfs/radev/home/rj265/project/cluster_odd_one_out_survey/images/trial_0004_B_gen_imgs.png,4,34,same_1,/gpfs/radev/home/rj265/project/cluster_odd_one_out_survey/images/trial_0004_C_center_cells.png,/gpfs/radev/home/rj265/project/cluster_odd_one_out_survey/images/trial_0004_C_gen_imgs.png
5,0_5,0,5,0,5,0,center_cells,5,21,distractor,/gpfs/radev/home/rj265/project/cluster_odd_one_out_survey/images/trial_0005_A_center_cells.png,/gpfs/radev/home/rj265/project/cluster_odd_one_out_survey/images/trial_0005_A_gen_imgs.png,0,4,same_1,A,5,/gpfs/radev/home/rj265/project/cluster_odd_one_out_survey/images/trial_0005_B_center_cells.png,/gpfs/radev/home/rj265/project/cluster_odd_one_out_survey/images/trial_0005_B_gen_imgs.png,0,43,same_2,/gpfs/radev/home/rj265/project/cluster_odd_one_out_survey/images/trial_0005_C_center_cells.png,/gpfs/radev/home/rj265/project/cluster_odd_one_out_survey/images/trial_0005_C_gen_imgs.png
6,0_6,0,6,0,6,0,center_cells,6,40,distractor,/gpfs/radev/home/rj265/project/cluster_odd_one_out_survey/images/trial_0006_A_center_cells.png,/gpfs/radev/home/rj265/project/cluster_odd_one_out_survey/images/trial_0006_A_gen_imgs.png,0,39,same_2,A,6,/gpfs/radev/home/rj265/project/cluster_odd_one_out_survey/images/trial_0006_B_center_cells.png,/gpfs/radev/home/rj265/project/cluster_odd_one_out_survey/images/trial_0006_B_gen_imgs.png,0,20,same_1,/gpfs/radev/home/rj265/project/cluster_odd_one_out_survey/images/trial_0006_C_center_cells.png,/gpfs/radev/home/rj265/project/cluster_odd_one_out_survey/images/trial_0006_C_gen_imgs.png
7,0_7,0,7,0,7,0,center_cells,0,16,same_2,/gpfs/radev/home/rj265/project/cluster_odd_one_out_survey/images/trial_0007_A_center_cells.png,/gpfs/radev/home/rj265/project/cluster_odd_one_out_survey/images/trial_0007_A_gen_imgs.png,0,33,same_1,C,7,/gpfs/radev/home/rj265/project/cluster_odd_one_out_survey/images/trial_0007_B_center_cells.png,/gpfs/radev/home/rj265/project/cluster_odd_one_out_survey/images/trial_0007_B_gen_imgs.png,7,3,distractor,/gpfs/radev/home/rj265/project/cluster_odd_one_out_survey/images/trial_0007_C_center_cells.png,/gpfs/radev/home/rj265/project/cluster_odd_one_out_survey/images/trial_0007_C_gen_imgs.png
8,0_8,0,8,0,8,0,center_cells,0,45,same_2,/gpfs/radev/home/rj265/project/cluster_odd_one_out_survey/images/trial_0008_A_center_cells.png,/gpfs/radev/home/rj265/project/cluster_odd_one_out_survey/images/trial_0008_A_gen_imgs.png,0,25,same_1,C,8,/gpfs/radev/home/rj265/project/cluster_odd_one_out_survey/images/trial_0008_B_center_cells.png,/gpfs/radev/home/rj265/project/cluster_odd_one_out_survey/images/trial_0008_B_gen_imgs.png,8,42,distractor,/gpfs/radev/home/rj265/project/cluster_odd_one_out_survey/images/trial_0008_C_center_cells.png,/gpfs/radev/home/rj265/project/cluster_odd_one_out_survey/images/trial_0008_C_gen_imgs.png
9,0_9,0,9,9,0,0,center_cells,0,46,distractor,/gpfs/radev/home/rj265/project/cluster_odd_one_out_survey/images/trial_0009_A_center_cells.png,/gpfs/radev/home/rj265/project/cluster_odd_one_out_survey/images/trial_0009_A_gen_imgs.png,9,21,same_1,A,0,/gpfs/radev/home/rj265/project/cluster_odd_one_out_survey/images/trial_0009_B_center_cells.png,/gpfs/radev/home/rj265/project/cluster_odd_one_out_survey/images/trial_0009_B_gen_imgs.png,9,15,same_2,/gpfs/radev/home/rj265/project/cluster_odd_one_out_survey/images/trial_0009_C_center_cells.png,/gpfs/radev/home/rj265/project/cluster_odd_one_out_survey/images/trial_0009_C_gen_imgs.png
10,0_10,0,10,0,10,0,center_cells,10,15,distractor,/gpfs/radev/home/rj265/project/cluster_odd_one_out_survey/images/trial_0010_A_center_cells.png,/gpfs/radev/home/rj265/project/cluster_odd_one_out_survey/images/trial_0010_A_gen_imgs.png,0,14,same_2,A,10,/gpfs/radev/home/rj265/project/cluster_odd_one_out_survey/images/trial_0010_B_center_cells.png,/gpfs/radev/home/rj265/project/cluster_odd_one_out_survey/images/trial_0010_B_gen_imgs.png,0,36,same_1,/gpfs/radev/home/rj265/project/cluster_odd_one_out_survey/images/trial_0010_C_center_cells.png,/gpfs/radev/home/rj265/project/cluster_odd_one_out_survey/images/trial_0010_C_gen_imgs.png
11,0_11,0,11,0,11,0,center_cells,11,31,distractor,/gpfs/radev/home/rj265/project/cluster_odd_one_out_survey/images/trial_0011_A_center_cells.png,/gpfs/radev/home/rj265/project/cluster_odd_one_out_survey/images/trial_0011_A_gen_imgs.png,0,32,same_2,A,11,/gpfs/radev/home/rj265/project/cluster_odd_one_out_survey/images/trial_0011_B_center_cells.png,/gpfs/radev/home/rj265/project/cluster_odd_one_out_survey/images/trial_0011_B_gen_imgs.png,0,20,same_1,/gpfs/radev/home/rj265/project/cluster_odd_one_out_survey/images/trial_0011_C_center_cells.png,/gpfs/radev/home/rj265/project/cluster_odd_one_out_survey/images/trial_0011_C_gen_imgs.png
12,0_12,0,12,12,0,0,center_cells,0,35,distractor,/gpfs/radev/home/rj265/project/cluster_odd_one_out_survey/images/trial_0012_A_center_cells.png,/gpfs/radev/home/rj265/project/cluster_odd_one_out_survey/images/trial_0012_A_gen_imgs.png,12,45,same_1,A,0,/gpfs/radev/home/rj265/project/cluster_odd_one_out_survey/images/trial_0012_B_center_cells.png,/gpfs/radev/home/rj265/project/cluster_odd_one_out_survey/images/trial_0012_B_gen_imgs.png,12,7,same_2,/gpfs/radev/home/rj265/project/cluster_odd_one_out_survey/images/trial_0012_C_center_cells.png,/gpfs/radev/home/rj265/project/cluster_odd_one_out_survey/images/trial_0012_C_gen_imgs.png
13,0_13,0,13,13,0,0,center_cells,13,38,same_1,/gpfs/radev/home/rj265/project/cluster_odd_one_out_survey/images/trial_0013_A_center_cells.png,/gpfs/radev/home/rj265/project/cluster_odd_one_out_survey/images/trial_0013_A_gen_imgs.png,0,37,distractor,B,0,/gpfs/radev/home/rj265/project/cluster_odd_one_out_survey/images/trial_0013_B_center_cells.png,/gpfs/radev/home/rj265/project/cluster_odd_one_out_survey/images/trial_0013_B_gen_imgs.png,13,35,same_2,/gpfs/radev/home/rj265/project/cluster_odd_one_out_survey/images/trial_0013_C_center_cells.png,/gpfs/radev/home/rj265/project/cluster_odd_one_out_survey/images/trial_0013_C_gen_imgs.png
14,0_14,0,14,0,14,0,center_cells,14,36,distractor,/gpfs/radev/home/rj265/project/cluster_odd_one_out_survey/images/trial_0014_A_center_cells.png,/gpfs/radev/home/rj265/project/cluster_odd_one_out_survey/images/trial_0014_A_gen_imgs.png,0,20,same_2,A,14,/gpfs/radev/home/rj265/project/cluster_odd_one_out_survey/images/trial_0014_B_center_cells.png,/gpfs/radev/home/rj265/project/cluster_odd_one_out_survey/images/trial_0014_B_gen_imgs.png,0,24,same_1,/gpfs/radev/home/rj265/project/cluster_odd_one_out_survey/images/trial_0014_C_center_cells.png,/gpfs/radev/home/rj265/project/cluster_odd_one_out_survey/images/trial_0014_C_gen_imgs.png
15,0_15,0,15,0,15,0,center_cells,0,11,same_1,/gpfs/radev/home/rj265/project/cluster_odd_one_out_survey/images/trial_0015_A_center_cells.png,/gpfs/radev/home/rj265/project/cluster_odd_one_out_survey/images/trial_0015_A_gen_imgs.png,0,2,same_2,C,15,/gpfs/radev/home/rj265/project/cluster_odd_one_out_survey/images/trial_0015_B_center_cells.png,/gpfs/radev/home/rj265/project/cluster_odd_one_out_survey/images/trial_0015_B_gen_imgs.png,15,39,distractor,/gpfs/radev/home/rj265/project/cluster_odd_one_out_survey/images/trial_0015_C_center_cells.png,/gpfs/radev/home/rj265/project/cluster_odd_one_out_survey/images/trial_0015_C_gen_imgs.png
16,0_16,0,16,0,16,0,center_cells,0,43,same_2,/gpfs/radev/home/rj265/project/cluster_odd_one_out_survey/images/trial_0016_A_center_cells.png,/gpfs/radev/home/rj265/project/cluster_odd_one_out_survey/images/trial_0016_A_gen_imgs.png,16,48,distractor,B,16,/gpfs/radev/home/rj265/project/cluster_odd_one_out_survey/images/trial_0016_B_center_cells.png,/gpfs/radev/home/rj265/project/cluster_odd_one_out_survey/images/trial_0016_B_gen_imgs.png,0,5,same_1,/gpfs/radev/home/rj265/project/cluster_odd_one_out_survey/images/trial_0016_C_center_cells.png,/gpfs/radev/home/rj265/project/cluster_odd_one_out_survey/images/trial_0016_C_gen_imgs.png
17,0_17,0,17,17,0,0,center_cells,17,5,same_1,/gpfs/radev/home/rj265/project/cluster_odd_one_out_survey/images/trial_0017_A_center_cells.png,/gpfs/radev/home/rj265/project/cluster_odd_one_out_survey/images/trial_0017_A_gen_imgs.png,17,44,same_2,C,0,/gpfs/radev/home/rj265/project/cluster_odd_one_out_survey/images/trial_0017_B_center_cells.png,/gpfs/radev/home/rj265/project/cluster_odd_one_out_survey/images/trial_0017_B_gen_imgs.png,0,34,distractor,/gpfs/radev/home/rj265/project/cluster_odd_one_out_survey/images/trial_0017_C_center_cells.png,/gpfs/radev/home/rj265/project/cluster_odd_one_out_survey/images/trial_0017_C_gen_imgs.png
18,0_18,0,18,18,0,0,center_cells,18,17,same_2,/gpfs/radev/home/rj265/project/cluster_odd_one_out_survey/images/trial_0018_A_center_cells.png,/gpfs/radev/home/rj265/project/cluster_odd_one_out_survey/images/trial_0018_A_gen_imgs.png,0,33,distractor,B,0,/gpfs/radev/home/rj265/project/cluster_odd_one_out_survey/images/trial_0018_B_center_cells.png,/gpfs/radev/home/rj265/project/cluster_odd_one_out_survey/images/trial_0018_B_gen_imgs.png,18,33,same_1,/gpfs/radev/home/rj265/project/cluster_odd_one_out_survey/images/trial_0018_C_center_cells.png,/gpfs/radev/home/rj265/project/cluster_odd_one_out_survey/images/trial_0018_C_gen_imgs.png
19,0_19,0,19,19,0,0,center_cells,19,37,same_1,/gpfs/radev/home/rj265/project/cluster_odd_one_out_survey/images/trial_0019_A_center_cells.png,/gpfs/radev/home/rj265/project/cluster_odd_one_out_survey/images/trial_0019_A_gen_imgs.png,0,37,distractor,B,0,/gpfs/radev/home/rj265/project/cluster_odd_one_out_survey/images/trial_0019_B_center_cells.png,/gpfs/radev/home/rj265/project/cluster_odd_one_out_survey/images/trial_0019_B_gen_imgs.png,19,26,same_2,/gpfs/radev/home/rj265/project/cluster_odd_one_out_survey/images/trial_0019_C_center_cells.png,/gpfs/radev/home/rj265/project/cluster_odd_one_out_survey/images/trial_0019_C_gen_imgs.png
20,0_20,0,20,0,20,0,center_cells,20,22,distractor,/gpfs/radev/home/rj265/project/cluster_odd_one_out_survey/images/trial_0020_A_center_cells.png,/gpfs/radev/home/rj265/project/cluster_odd_one_out_survey/images/trial_0020_A_gen_imgs.png,0,44,same_2,A,20,/gpfs/radev/home/rj265/project/cluster_odd_one_out_survey/images/trial_0020_B_center_cells.png,/gpfs/radev/home/rj265/project/cluster_odd_one_out_survey/images/trial_0020_B_gen_imgs.png,0,41,same_1,/gpfs/radev/home/rj265/project/cluster_odd_one_out_survey/images/trial_0020_C_center_cells.png,/gpfs/radev/home/rj265/project/cluster_odd_one_out_survey/images/trial_0020_C_gen_imgs.png
21,0_21,0,21,21,0,0,center_cells,0,40,distractor,/gpfs/radev/home/rj265/project/cluster_odd_one_out_survey/images/trial_0021_A_center_cells.png,/gpfs/radev/home/rj265/project/cluster_odd_one_out_survey/images/trial_0021_A_gen_imgs.png,21,31,same_1,A,0,/gpfs/radev/home/rj265/project/cluster_odd_one_out_survey/images/trial_0021_B_center_cells.png,/gpfs/radev/home/rj265/project/cluster_odd_one_out_survey/images/trial_0021_B_gen_imgs.png,21,37,same_2,/gpfs/radev/home/rj265/project/cluster_odd_one_out_survey/images/trial_0021_C_center_cells.png,/gpfs/radev/home/rj265/project/cluster_odd_one_out_survey/images/trial_0021_C_gen_imgs.png
22,0_22,0,22,0,22,0,center_cells,0,17,same_2,/gpfs/radev/home/rj265/project/cluster_odd_one_out_survey/images/trial_0022_A_center_cells.png,/gpfs/radev/home/rj265/project/cluster_odd_one_out_survey/images/trial_0022_A_gen_imgs.png,0,46,same_1,C,22,/gpfs/radev/home/rj265/project/cluster_odd_one_out_survey/images/trial_0022_B_center_cells.png,/gpfs/radev/home/rj265/project/cluster_odd_one_out_survey/images/trial_0022_B_gen_imgs.png,22,7,distractor,/gpfs/radev/home/rj265/project/cluster_odd_one_out_survey/images/trial_0022_C_center_cells.png,/gpfs/radev/home/rj265/project/cluster_odd_one_out_survey/images/trial_0022_C_gen_imgs.png
23,0_23,0,23,0,23,0,center_cells,0,21,same_2,/gpfs/radev/home/rj265/project/cluster_odd_one_out_survey/images/trial_0023_A_center_cells.png,/gpfs/radev/home/rj265/project/cluster_odd_one_out_survey/images/trial_0023_A_gen_imgs.png,23,27,distractor,B,23,/gpfs/radev/home/rj265/project/cluster_odd_one_out_survey/images/trial_0023_B_center_cells.png,/gpfs/radev/home/rj265/project/cluster_odd_one_out_survey/images/trial_0023_B_gen_imgs.png,0,10,same_1,/gpfs/radev/home/rj265/project/cluster_odd_one_out_survey/images/trial_0023_C_center_cells.png,/gpfs/radev/home/rj265/project/cluster_odd_one_out_survey/images/trial_0023_C_gen_imgs.png
24,0_24,0,24,24,0,0,center_cells,24,14,same_2,/gpfs/radev/home/rj265/project/cluster_odd_one_out_survey/images/trial_0024_A_center_cells.png,/gpfs/radev/home/rj265/project/cluster_odd_one_out_survey/images/trial_0024_A_gen_imgs.png,24,44,same_1,C,0,/gpfs/radev/home/rj265/project/cluster_odd_one_out_survey/images/trial_0024_B_center_cells.png,/gpfs/radev/home/rj265/project/cluster_odd_one_out_survey/images/trial_0024_B_gen_imgs.png,0,2,distractor,/gpfs/radev/home/rj265/project/cluster_odd_one_out_survey/images/trial_0024_C_center_cells.png,/gpfs/radev/home/rj265/project/cluster_odd_one_out_survey/images/trial_0024_C_gen_imgs.png
25,1_2,1,2,1,2,0,center_cells,1,12,same_2,/gpfs/radev/home/rj265/project/cluster_odd_one_out_survey/images/trial_0025_A_center_cells.png,/gpfs/radev/home/rj265/project/cluster_odd_one_out_survey/images/trial_0025_A_gen_imgs.png,1,40,same_1,C,2,/gpfs/radev/home/rj265/project/cluster_odd_one_out_survey/images/trial_0025_B_center_cells.png,/gpfs/radev/home/rj265/project/cluster_odd_one_out_survey/images/trial_0025_B_gen_imgs.png,2,38,distractor,/gpfs/radev/home/rj265/project/cluster_odd_one_out_survey/images/trial_0025_C_center_cells.png,/gpfs/radev/home/rj265/project/cluster_odd_one_out_survey/images/trial_0025_C_gen_imgs.png
26,1_3,1,3,1,3,0,center_cells,1,7,same_2,/gpfs/radev/home/rj265/project/cluster_odd_one_out_survey/images/trial_0026_A_center_cells.png,/gpfs/radev/home/rj265/project/cluster_odd_one_out_survey/images/trial_0026_A_gen_imgs.png,1,23,same_1,C,3,/gpfs/radev/home/rj265/project/cluster_odd_one_out_survey/images/trial_0026_B_center_cells.png,/gpfs/radev/home/rj265/project/cluster_odd_one_out_survey/images/trial_0026_B_gen_imgs.png,3,2,distractor,/gpfs/radev/home/rj265/project/cluster_odd_one_out_survey/images/trial_0026_C_center_cells.png,/gpfs/radev/home/rj265/project/cluster_odd_one_out_survey/images/trial_0026_C_gen_imgs.png
27,1_4,1,4,1,4,0,center_cells,4,7,distractor,/gpfs/radev/home/rj265/project/cluster_odd_one_out_survey/images/trial_0027_A_center_cells.png,/gpfs/radev/home/rj265/project/cluster_odd_one_out_survey/images/trial_0027_A_gen_imgs.png,1,11,same_1,A,4,/gpfs/radev/home/rj265/project/cluster_odd_one_out_survey/images/trial_0027_B_center_cells.png,/gpfs/radev/home/rj265/project/cluster_odd_one_out_survey/images/trial_0027_B_gen_imgs.png,1,45,same_2,/gpfs/radev/home/rj265/project/cluster_odd_one_out_survey/images/trial_0027_C_center_cells.png,/gpfs/radev/home/rj265/project/cluster_odd_one_out_survey/images/trial_0027_C_gen_imgs.png
28,1_5,1,5,5,1,0,center_cells,5,3,same_1,/gpfs/radev/home/rj265/project/cluster_odd_one_out_survey/images/trial_0028_A_center_cells.png,/gpfs/radev/home/rj265/project/cluster_odd_one_out_survey/images/trial_0028_A_gen_imgs.png,5,43,same_2,C,1,/gpfs/radev/home/rj265/project/cluster_odd_one_out_survey/images/trial_0028_B_center_cells.png,/gpfs/radev/home/rj265/project/cluster_odd_one_out_survey/images/trial_0028_B_gen_imgs.png,1,1,distractor,/gpfs/radev/home/rj265/project/cluster_odd_one_out_survey/images/trial_0028_C_center_cells.png,/gpfs/radev/home/rj265/project/cluster_odd_one_out_survey/images/trial_0028_C_gen_imgs.png
29,1_6,1,6,6,1,0,center_cells,1,14,distractor,/gpfs/radev/home/rj265/project/cluster_odd_one_out_survey/images/trial_0029_A_center_cells.png,/gpfs/radev/home/rj265/project/cluster_odd_one_out_survey/images/trial_0029_A_gen_imgs.png,6,4,same_2,A,1,/gpfs/radev/home/rj265/project/cluster_odd_one_out_survey/images/trial_0029_B_center_cells.png,/gpfs/radev/home/rj265/project/cluster_odd_one_out_survey/images/trial_0029_B_gen_imgs.png,6,16,same_1,/gpfs/radev/home/rj265/project/cluster_odd_one_out_survey/images/trial_0029_C_center_cells.png,/gpfs/radev/home/rj265/project/cluster_odd_one_out_survey/images/trial_0029_C_gen_imgs.png
30,1_7,1,7,1,7,0,center_cells,7,32,distractor,/gpfs/radev/home/rj265/project/cluster_odd_one_out_survey/images/trial_0030_A_center_cells.png,/gpfs/radev/home/rj265/project/cluster_odd_one_out_survey/images/trial_0030_A_gen_imgs.png,1,11,same_1,A,7,/gpfs/radev/home/rj265/project/cluster_odd_one_out_survey/images/trial_0030_B_center_cells.png,/gpfs/radev/home/rj265/project/cluster_odd_one_out_survey/images/trial_0030_B_gen_imgs.png,1,3,same_2,/gpfs/radev/home/rj265/project/cluster_odd_one_out_survey/images/trial_0030_C_center_cells.png,/gpfs/radev/home/rj265/project/cluster_odd_one_out_survey/images/trial_0030_C_gen_imgs.png
31,1_8,1,8,8,1,0,center_cells,8,44,same_1,/gpfs/radev/home/rj265/project/cluster_odd_one_out_survey/images/trial_0031_A_center_cells.png,/gpfs/radev/home/rj265/project/cluster_odd_one_out_survey/images/trial_0031_A_gen_imgs.png,1,12,distractor,B,1,/gpfs/radev/home/rj265/project/cluster_odd_one_out_survey/images/trial_0031_B_center_cells.png,/gpfs/radev/home/rj265/project/cluster_odd_one_out_survey/images/trial_0031_B_gen_imgs.png,8,25,same_2,/gpfs/radev/home/rj265/project/cluster_odd_one_out_survey/images/trial_0031_C_center_cells.png,/gpfs/radev/home/rj265/project/cluster_odd_one_out_survey/images/trial_0031_C_gen_imgs.png
32,1_9,1,9,9,1,0,center_cells,9,36,same_2,/gpfs/radev/home/rj265/project/cluster_odd_one_out_survey/images/trial_0032_A_center_cells.png,/gpfs/radev/home/rj265/project/cluster_odd_one_out_survey/images/trial_0032_A_gen_imgs.png,9,30,same_1,C,1,/gpfs/radev/home/rj265/project/cluster_odd_one_out_survey/images/trial_0032_B_center_cells.png,/gpfs/radev/home/rj265/project/cluster_odd_one_out_survey/images/trial_0032_B_gen_imgs.png,1,10,distractor,/gpfs/radev/home/rj265/project/cluster_odd_one_out_survey/images/trial_0032_C_center_cells.png,/gpfs/radev/home/rj265/project/cluster_odd_one_out_survey/images/trial_0032_C_gen_imgs.png
33,1_10,1,10,10,1,0,center_cells,1,10,distractor,/gpfs/radev/home/rj265/project/cluster_odd_one_out_survey/images/trial_0033_A_center_cells.png,/gpfs/radev/home/rj265/project/cluster_odd_one_out_survey/images/trial_0033_A_gen_imgs.png,10,43,same_2,A,1,/gpfs/radev/home/rj265/project/cluster_odd_one_out_survey/images/trial_0033_B_center_cells.png,/gpfs/radev/home/rj265/project/cluster_odd_one_out_survey/images/trial_0033_B_gen_imgs.png,10,3,same_1,/gpfs/radev/home/rj265/project/cluster_odd_one_out_survey/images/trial_0033_C_center_cells.png,/gpfs/radev/home/rj265/project/cluster_odd_one_out_survey/images/trial_0033_C_gen_imgs.png
34,1_11,1,11,11,1,0,center_cells,11,38,same_2,/gpfs/radev/home/rj265/project/cluster_odd_one_out_survey/images/trial_0034_A_center_cells.png,/gpfs/radev/home/rj265/project/cluster_odd_one_out_survey/images/trial_0034_A_gen_imgs.png,11,7,same_1,C,1,/gpfs/radev/home/rj265/project/cluster_odd_one_out_survey/images/trial_0034_B_center_cells.png,/gpfs/radev/home/rj265/project/cluster_odd_one_out_survey/images/trial_0034_B_gen_imgs.png,1,28,distractor,/gpfs/radev/home/rj265/project/cluster_odd_one_out_survey/images/trial_0034_C_center_cells.png,/gpfs/radev/home/rj265/project/cluster_odd_one_out_survey/images/trial_0034_C_gen_imgs.png
35,1_12,1,12,1,12,0,center_cells,1,43,same_1,/gpfs/radev/home/rj265/project/cluster_odd_one_out_survey/images/trial_0035_A_center_cells.png,/gpfs/radev/home/rj265/project/cluster_odd_one_out_survey/images/trial_0035_A_gen_imgs.png,1,26,same_2,C,12,/gpfs/radev/home/rj265/project/cluster_odd_one_out_survey/images/trial_0035_B_center_cells.png,/gpfs/radev/home/rj265/project/cluster_odd_one_out_survey/images/trial_0035_B_gen_imgs.png,12,36,distractor,/gpfs/radev/home/rj265/project/cluster_odd_one_out_survey/images/trial_0035_C_center_cells.png,/gpfs/radev/home/rj265/project/cluster_odd_one_out_survey/images/trial_0035_C_gen_imgs.png
36,1_13,1,13,13,1,0,center_cells,13,42,same_2,/gpfs/radev/home/rj265/project/cluster_odd_one_out_survey/images/trial_0036_A_center_cells.png,/gpfs/radev/home/rj265/project/cluster_odd_one_out_survey/images/trial_0036_A_gen_imgs.png,1,16,distractor,B,1,/gpfs/radev/home/rj265/project/cluster_odd_one_out_survey/images/trial_0036_B_center_cells.png,/gpfs/radev/home/rj265/project/cluster_odd_one_out_survey/images/trial_0036_B_gen_imgs.png,13,24,same_1,/gpfs/radev/home/rj265/project/cluster_odd_one_out_survey/images/trial_0036_C_center_cells.png,/gpfs/radev/home/rj265/project/cluster_odd_one_out_survey/images/trial_0036_C_gen_imgs.png
37,1_14,1,14,1,14,0,center_cells,14,47,distractor,/gpfs/radev/home/rj265/project/cluster_odd_one_out_survey/images/trial_0037_A_center_cells.png,/gpfs/radev/home/rj265/project/cluster_odd_one_out_survey/images/trial_0037_A_gen_imgs.png,1,21,same_2,A,14,/gpfs/radev/home/rj265/project/cluster_odd_one_out_survey/images/trial_0037_B_center_cells.png,/gpfs/radev/home/rj265/project/cluster_odd_one_out_survey/images/trial_0037_B_gen_imgs.png,1,5,same_1,/gpfs/radev/home/rj265/project/cluster_odd_one_out_survey/images/trial_0037_C_center_cells.png,/gpfs/radev/home/rj265/project/cluster_odd_one_out_survey/images/trial_0037_C_gen_imgs.png
38,1_15,1,15,1,15,0,center_cells,1,48,same_1,/gpfs/radev/home/rj265/project/cluster_odd_one_out_survey/images/trial_0038_A_center_cells.png,/gpfs/radev/home/rj265/project/cluster_odd_one_out_survey/images/trial_0038_A_gen_imgs.png,1,30,same_2,C,15,/gpfs/radev/home/rj265/project/cluster_odd_one_out_survey/images/trial_0038_B_center_cells.png,/gpfs/radev/home/rj265/project/cluster_odd_one_out_survey/images/trial_0038_B_gen_imgs.png,15,22,distractor,/gpfs/radev/home/rj265/project/cluster_odd_one_out_survey/images/trial_0038_C_center_cells.png,/gpfs/radev/home/rj265/project/cluster_odd_one_out_survey/images/trial_0038_C_gen_imgs.png
39,1_16,1,16,16,1,0,center_cells,1,39,distractor,/gpfs/radev/home/rj265/project/cluster_odd_one_out_survey/images/trial_0039_A_center_cells.png,/gpfs/radev/home/rj265/project/cluster_odd_one_out_survey/images/trial_0039_A_gen_imgs.png,16,40,same_2,A,1,/gpfs/radev/home/rj265/project/cluster_odd_one_out_survey/images/trial_0039_B_center_cells.png,/gpfs/radev/home/rj265/project/cluster_odd_one_out_survey/images/trial_0039_B_gen_imgs.png,16,37,same_1,/gpfs/radev/home/rj265/project/cluster_odd_one_out_survey/images/trial_0039_C_center_cells.png,/gpfs/radev/home/rj265/project/cluster_odd_one_out_survey/images/trial_0039_C_gen_imgs.png
40,1_17,1,17,1,17,0,center_cells,1,41,same_2,/gpfs/radev/home/rj265/project/cluster_odd_one_out_survey/images/trial_0040_A_center_cells.png,/gpfs/radev/home/rj265/project/cluster_odd_one_out_survey/images/trial_0040_A_gen_imgs.png,17,5,distractor,B,17,/gpfs/radev/home/rj265/project/cluster_odd_one_out_survey/images/trial_0040_B_center_cells.png,/gpfs/radev/home/rj265/project/cluster_odd_one_out_survey/images/trial_0040_B_gen_imgs.png,1,26,same_1,/gpfs/radev/home/rj265/project/cluster_odd_one_out_survey/images/trial_0040_C_center_cells.png,/gpfs/radev/home/rj265/project/cluster_odd_one_out_survey/images/trial_0040_C_gen_imgs.png
41,1_18,1,18,18,1,0,center_cells,18,10,same_1,/gpfs/radev/home/rj265/project/cluster_odd_one_out_survey/images/trial_0041_A_center_cells.png,/gpfs/radev/home/rj265/project/cluster_odd_one_out_survey/images/trial_0041_A_gen_imgs.png,18,15,same_2,C,1,/gpfs/radev/home/rj265/project/cluster_odd_one_out_survey/images/trial_0041_B_center_cells.png,/gpfs/radev/home/rj265/project/cluster_odd_one_out_survey/images/trial_0041_B_gen_imgs.png,1,14,distractor,/gpfs/radev/home/rj265/project/cluster_odd_one_out_survey/images/trial_0041_C_center_cells.png,/gpfs/radev/home/rj265/project/cluster_odd_one_out_survey/images/trial_0041_C_gen_imgs.png
42,1_19,1,19,1,19,0,center_cells,19,26,distractor,/gpfs/radev/home/rj265/project/cluster_odd_one_out_survey/images/trial_0042_A_center_cells.png,/gpfs/radev/home/rj265/project/cluster_odd_one_out_survey/images/trial_0042_A_gen_imgs.png,1,36,same_2,A,19,/gpfs/radev/home/rj265/project/cluster_odd_one_out_survey/images/trial_0042_B_center_cells.png,/gpfs/radev/home/rj265/project/cluster_odd_one_out_survey/images/trial_0042_B_gen_imgs.png,1,43,same_1,/gpfs/radev/home/rj265/project/cluster_odd_one_out_survey/images/trial_0042_C_center_cells.png,/gpfs/radev/home/rj265/project/cluster_odd_one_out_survey/images/trial_0042_C_gen_imgs.png
43,1_20,1,20,20,1,0,center_cells,20,26,same_2,/gpfs/radev/home/rj265/project/cluster_odd_one_out_survey/images/trial_0043_A_center_cells.png,/gpfs/radev/home/rj265/project/cluster_odd_one_out_survey/images/trial_0043_A_gen_imgs.png,20,36,same_1,C,1,/gpfs/radev/home/rj265/project/cluster_odd_one_out_survey/images/trial_0043_B_center_cells.png,/gpfs/radev/home/rj265/project/cluster_odd_one_out_survey/images/trial_0043_B_gen_imgs.png,1,49,distractor,/gpfs/radev/home/rj265/project/cluster_odd_one_out_survey/images/trial_0043_C_center_cells.png,/gpfs/radev/home/rj265/project/cluster_odd_one_out_survey/images/trial_0043_C_gen_imgs.png
44,1_21,1,21,1,21,0,center_cells,21,44,distractor,/gpfs/radev/home/rj265/project/cluster_odd_one_out_survey/images/trial_0044_A_center_cells.png,/gpfs/radev/home/rj265/project/cluster_odd_one_out_survey/images/trial_0044_A_gen_imgs.png,1,16,same_2,A,21,/gpfs/radev/home/rj265/project/cluster_odd_one_out_survey/images/trial_0044_B_center_cells.png,/gpfs/radev/home/rj265/project/cluster_odd_one_out_survey/images/trial_0044_B_gen_imgs.png,1,4,same_1,/gpfs/radev/home/rj265/project/cluster_odd_one_out_survey/images/trial_0044_C_center_cells.png,/gpfs/radev/home/rj265/project/cluster_odd_one_out_survey/images/trial_0044_C_gen_imgs.png
45,1_22,1,22,22,1,0,center_cells,22,35,same_2,/gpfs/radev/home/rj265/project/cluster_odd_one_out_survey/images/trial_0045_A_center_cells.png,/gpfs/radev/home/rj265/project/cluster_odd_one_out_survey/images/trial_0045_A_gen_imgs.png,1,38,distractor,B,1,/gpfs/radev/home/rj265/project/cluster_odd_one_out_survey/images/trial_0045_B_center_cells.png,/gpfs/radev/home/rj265/project/cluster_odd_one_out_survey/images/trial_0045_B_gen_imgs.png,22,31,same_1,/gpfs/radev/home/rj265/project/cluster_odd_one_out_survey/images/trial_0045_C_center_cells.png,/gpfs/radev/home/rj265/project/cluster_odd_one_out_survey/images/trial_0045_C_gen_imgs.png
46,1_23,1,23,1,23,0,center_cells,23,3,distractor,/gpfs/radev/home/rj265/project/cluster_odd_one_out_survey/images/trial_0046_A_center_cells.png,/gpfs/radev/home/rj265/project/cluster_odd_one_out_survey/images/trial_0046_A_gen_imgs.png,1,19,same_1,A,23,/gpfs/radev/home/rj265/project/cluster_odd_one_out_survey/images/trial_0046_B_center_cells.png,/gpfs/radev/home/rj265/project/cluster_odd_one_out_survey/images/trial_0046_B_gen_imgs.png,1,29,same_2,/gpfs/radev/home/rj265/project/cluster_odd_one_out_survey/images/trial_0046_C_center_cells.png,/gpfs/radev/home/rj265/project/cluster_odd_one_out_survey/images/trial_0046_C_gen_imgs.png
47,1_24,1,24,24,1,0,center_cells,24,5,same_2,/gpfs/radev/home/rj265/project/cluster_odd_one_out_survey/images/trial_0047_A_center_cells.png,/gpfs/radev/home/rj265/project/cluster_odd_one_out_survey/images/trial_0047_A_gen_imgs.png,1,46,distractor,B,1,/gpfs/radev/home/rj265/project/cluster_odd_one_out_survey/images/trial_0047_B_center_cells.png,/gpfs/radev/home/rj265/project/cluster_odd_one_out_survey/images/trial_0047_B_gen_imgs.png,24,40,same_1,/gpfs/radev/home/rj265/project/cluster_odd_one_out_survey/images/trial_0047_C_center_cells.png,/gpfs/radev/home/rj265/project/cluster_odd_one_out_survey/images/trial_0047_C_gen_imgs.png
48,2_3,2,3,2,3,0,center_cells,2,26,same_2,/gpfs/radev/home/rj265/project/cluster_odd_one_out_survey/images/trial_0048_A_center_cells.png,/gpfs/radev/home/rj265/project/cluster_odd_one_out_survey/images/trial_0048_A_gen_imgs.png,3,20,distractor,B,3,/gpfs/radev/home/rj265/project/cluster_odd_one_out_survey/images/trial_0048_B_center_cells.png,/gpfs/radev/home/rj265/project/cluster_odd_one_out_survey/images/trial_0048_B_gen_imgs.png,2,43,same_1,/gpfs/radev/home/rj265/project/cluster_odd_one_out_survey/images/trial_0048_C_center_cells.png,/gpfs/radev/home/rj265/project/cluster_odd_one_out_survey/images/trial_0048_C_gen_imgs.png
49,2_4,2,4,2,4,0,center_cells,2,0,same_2,/gpfs/radev/home/rj265/project/cluster_odd_one_out_survey/images/trial_0049_A_center_cells.png,/gpfs/radev/home/rj265/project/cluster_odd_one_out_survey/images/trial_0049_A_gen_imgs.png,2,48,same_1,C,4,/gpfs/radev/home/rj265/project/cluster_odd_one_out_survey/images/trial_0049_B_center_cells.png,/gpfs/radev/home/rj265/project/cluster_odd_one_out_survey/images/trial_0049_B_gen_imgs.png,4,43,distractor,/gpfs/radev/home/rj265/project/cluster_odd_one_out_survey/images/trial_0049_C_center_cells.png,/gpfs/radev/home/rj265/project/cluster_odd_one_out_survey/images/trial_0049_C_gen_imgs.png
50,2_5,2,5,2,5,0,center_cells,2,38,same_1,/gpfs/radev/home/rj265/project/cluster_odd_one_out_survey/images/trial_0050_A_center_cells.png,/gpfs/radev/home/rj265/project/cluster_odd_one_out_survey/images/trial_0050_A_gen_imgs.png,5,12,distractor,B,5,/gpfs/radev/home/rj265/project/cluster_odd_one_out_survey/images/trial_0050_B_center_cells.png,/gpfs/radev/home/rj265/project/cluster_odd_one_out_survey/images/trial_0050_B_gen_imgs.png,2,41,same_2,/gpfs/radev/home/rj265/project/cluster_odd_one_out_survey/images/trial_0050_C_center_cells.png,/gpfs/radev/home/rj265/project/cluster_odd_one_out_survey/images/trial_0050_C_gen_imgs.png
51,2_6,2,6,6,2,0,center_cells,2,30,distractor,/gpfs/radev/home/rj265/project/cluster_odd_one_out_survey/images/trial_0051_A_center_cells.png,/gpfs/radev/home/rj265/project/cluster_odd_one_out_survey/images/trial_0051_A_gen_imgs.png,6,11,same_1,A,2,/gpfs/radev/home/rj265/project/cluster_odd_one_out_survey/images/trial_0051_B_center_cells.png,/gpfs/radev/home/rj265/project/cluster_odd_one_out_survey/images/trial_0051_B_gen_imgs.png,6,6,same_2,/gpfs/radev/home/rj265/project/cluster_odd_one_out_survey/images/trial_0051_C_center_cells.png,/gpfs/radev/home/rj265/project/cluster_odd_one_out_survey/images/trial_0051_C_gen_imgs.png
52,2_7,2,7,2,7,0,center_cells,7,16,distractor,/gpfs/radev/home/rj265/project/cluster_odd_one_out_survey/images/trial_0052_A_center_cells.png,/gpfs/radev/home/rj265/project/cluster_odd_one_out_survey/images/trial_0052_A_gen_imgs.png,2,7,same_2,A,7,/gpfs/radev/home/rj265/project/cluster_odd_one_out_survey/images/trial_0052_B_center_cells.png,/gpfs/radev/home/rj265/project/cluster_odd_one_out_survey/images/trial_0052_B_gen_imgs.png,2,28,same_1,/gpfs/radev/home/rj265/project/cluster_odd_one_out_survey/images/trial_0052_C_center_cells.png,/gpfs/radev/home/rj265/project/cluster_odd_one_out_survey/images/trial_0052_C_gen_imgs.png
53,2_8,2,8,2,8,0,center_cells,2,17,same_2,/gpfs/radev/home/rj265/project/cluster_odd_one_out_survey/images/trial_0053_A_center_cells.png,/gpfs/radev/home/rj265/project/cluster_odd_one_out_survey/images/trial_0053_A_gen_imgs.png,8,1,distractor,B,8,/gpfs/radev/home/rj265/project/cluster_odd_one_out_survey/images/trial_0053_B_center_cells.png,/gpfs/radev/home/rj265/project/cluster_odd_one_out_survey/images/trial_0053_B_gen_imgs.png,2,9,same_1,/gpfs/radev/home/rj265/project/cluster_odd_one_out_survey/images/trial_0053_C_center_cells.png,/gpfs/radev/home/rj265/project/cluster_odd_one_out_survey/images/trial_0053_C_gen_imgs.png
54,2_9,2,9,2,9,0,center_cells,9,20,distractor,/gpfs/radev/home/rj265/project/cluster_odd_one_out_survey/images/trial_0054_A_center_cells.png,/gpfs/radev/home/rj265/project/cluster_odd_one_out_survey/images/trial_0054_A_gen_imgs.png,2,16,same_1,A,9,/gpfs/radev/home/rj265/project/cluster_odd_one_out_survey/images/trial_0054_B_center_cells.png,/gpfs/radev/home/rj265/project/cluster_odd_one_out_survey/images/trial_0054_B_gen_imgs.png,2,35,same_2,/gpfs/radev/home/rj265/project/cluster_odd_one_out_survey/images/trial_0054_C_center_cells.png,/gpfs/radev/home/rj265/project/cluster_odd_one_out_survey/images/trial_0054_C_gen_imgs.png
55,2_10,2,10,10,2,0,center_cells,10,44,same_1,/gpfs/radev/home/rj265/project/cluster_odd_one_out_survey/images/trial_0055_A_center_cells.png,/gpfs/radev/home/rj265/project/cluster_odd_one_out_survey/images/trial_0055_A_gen_imgs.png,2,41,distractor,B,2,/gpfs/radev/home/rj265/project/cluster_odd_one_out_survey/images/trial_0055_B_center_cells.png,/gpfs/radev/home/rj265/project/cluster_odd_one_out_survey/images/trial_0055_B_gen_imgs.png,10,38,same_2,/gpfs/radev/home/rj265/project/cluster_odd_one_out_survey/images/trial_0055_C_center_cells.png,/gpfs/radev/home/rj265/project/cluster_odd_one_out_survey/images/trial_0055_C_gen_imgs.png
56,2_11,2,11,11,2,0,center_cells,2,11,distractor,/gpfs/radev/home/rj265/project/cluster_odd_one_out_survey/images/trial_0056_A_center_cells.png,/gpfs/radev/home/rj265/project/cluster_odd_one_out_survey/images/trial_0056_A_gen_imgs.png,11,34,same_2,A,2,/gpfs/radev/home/rj265/project/cluster_odd_one_out_survey/images/trial_0056_B_center_cells.png,/gpfs/radev/home/rj265/project/cluster_odd_one_out_survey/images/trial_0056_B_gen_imgs.png,11,23,same_1,/gpfs/radev/home/rj265/project/cluster_odd_one_out_survey/images/trial_0056_C_center_cells.png,/gpfs/radev/home/rj265/project/cluster_odd_one_out_survey/images/trial_0056_C_gen_imgs.png
57,2_12,2,12,12,2,0,center_cells,12,0,same_1,/gpfs/radev/home/rj265/project/cluster_odd_one_out_survey/images/trial_0057_A_center_cells.png,/gpfs/radev/home/rj265/project/cluster_odd_one_out_survey/images/trial_0057_A_gen_imgs.png,2,9,distractor,B,2,/gpfs/radev/home/rj265/project/cluster_odd_one_out_survey/images/trial_0057_B_center_cells.png,/gpfs/radev/home/rj265/project/cluster_odd_one_out_survey/images/trial_0057_B_gen_imgs.png,12,8,same_2,/gpfs/radev/home/rj265/project/cluster_odd_one_out_survey/images/trial_0057_C_center_cells.png,/gpfs/radev/home/rj265/project/cluster_odd_one_out_survey/images/trial_0057_C_gen_imgs.png
58,2_13,2,13,2,13,0,center_cells,13,5,distractor,/gpfs/radev/home/rj265/project/cluster_odd_one_out_survey/images/trial_0058_A_center_cells.png,/gpfs/radev/home/rj265/project/cluster_odd_one_out_survey/images/trial_0058_A_gen_imgs.png,2,23,same_1,A,13,/gpfs/radev/home/rj265/project/cluster_odd_one_out_survey/images/trial_0058_B_center_cells.png,/gpfs/radev/home/rj265/project/cluster_odd_one_out_survey/images/trial_0058_B_gen_imgs.png,2,45,same_2,/gpfs/radev/home/rj265/project/cluster_odd_one_out_survey/images/trial_0058_C_center_cells.png,/gpfs/radev/home/rj265/project/cluster_odd_one_out_survey/images/trial_0058_C_gen_imgs.png
59,2_14,2,14,2,14,0,center_cells,2,10,same_1,/gpfs/radev/home/rj265/project/cluster_odd_one_out_survey/images/trial_0059_A_center_cells.png,/gpfs/radev/home/rj265/project/cluster_odd_one_out_survey/images/trial_0059_A_gen_imgs.png,14,37,distractor,B,14,/gpfs/radev/home/rj265/project/cluster_odd_one_out_survey/images/trial_0059_B_center_cells.png,/gpfs/radev/home/rj265/project/cluster_odd_one_out_survey/images/trial_0059_B_gen_imgs.png,2,9,same_2,/gpfs/radev/home/rj265/project/cluster_odd_one_out_survey/images/trial_0059_C_center_cells.png,/gpfs/radev/home/rj265/project/cluster_odd_one_out_survey/images/trial_0059_C_gen_imgs.png
60,2_15,2,15,2,15,0,center_cells,15,18,distractor,/gpfs/radev/home/rj265/project/cluster_odd_one_out_survey/images/trial_0060_A_center_cells.png,/gpfs/radev/home/rj265/project/cluster_odd_one_out_survey/images/trial_0060_A_gen_imgs.png,2,8,same_2,A,15,/gpfs/radev/home/rj265/project/cluster_odd_one_out_survey/images/trial_0060_B_center_cells.png,/gpfs/radev/home/rj265/project/cluster_odd_one_out_survey/images/trial_0060_B_gen_imgs.png,2,35,same_1,/gpfs/radev/home/rj265/project/cluster_odd_one_out_survey/images/trial_0060_C_center_cells.png,/gpfs/radev/home/rj265/project/cluster_odd_one_out_survey/images/trial_0060_C_gen_imgs.png
61,2_16,2,16,16,2,0,center_cells,16,19,same_2,/gpfs/radev/home/rj265/project/cluster_odd_one_out_survey/images/trial_0061_A_center_cells.png,/gpfs/radev/home/rj265/project/cluster_odd_one_out_survey/images/trial_0061_A_gen_imgs.png,16,3,same_1,C,2,/gpfs/radev/home/rj265/project/cluster_odd_one_out_survey/images/trial_0061_B_center_cells.png,/gpfs/radev/home/rj265/project/cluster_odd_one_out_survey/images/trial_0061_B_gen_imgs.png,2,11,distractor,/gpfs/radev/home/rj265/project/cluster_odd_one_out_survey/images/trial_0061_C_center_cells.png,/gpfs/radev/home/rj265/project/cluster_odd_one_out_survey/images/trial_0061_C_gen_imgs.png
62,2_17,2,17,2,17,0,center_cells,2,19,same_2,/gpfs/radev/home/rj265/project/cluster_odd_one_out_survey/images/trial_0062_A_center_cells.png,/gpfs/radev/home/rj265/project/cluster_odd_one_out_survey/images/trial_0062_A_gen_imgs.png,17,26,distractor,B,17,/gpfs/radev/home/rj265/project/cluster_odd_one_out_survey/images/trial_0062_B_center_cells.png,/gpfs/radev/home/rj265/project/cluster_odd_one_out_survey/images/trial_0062_B_gen_imgs.png,2,21,same_1,/gpfs/radev/home/rj265/project/cluster_odd_one_out_survey/images/trial_0062_C_center_cells.png,/gpfs/radev/home/rj265/project/cluster_odd_one_out_survey/images/trial_0062_C_gen_imgs.png
63,2_18,2,18,18,2,0,center_cells,2,21,distractor,/gpfs/radev/home/rj265/project/cluster_odd_one_out_survey/images/trial_0063_A_center_cells.png,/gpfs/radev/home/rj265/project/cluster_odd_one_out_survey/images/trial_0063_A_gen_imgs.png,18,21,same_2,A,2,/gpfs/radev/home/rj265/project/cluster_odd_one_out_survey/images/trial_0063_B_center_cells.png,/gpfs/radev/home/rj265/project/cluster_odd_one_out_survey/images/trial_0063_B_gen_imgs.png,18,30,same_1,/gpfs/radev/home/rj265/project/cluster_odd_one_out_survey/images/trial_0063_C_center_cells.png,/gpfs/radev/home/rj265/project/cluster_odd_one_out_survey/images/trial_0063_C_gen_imgs.png
64,2_19,2,19,2,19,0,center_cells,2,31,same_1,/gpfs/radev/home/rj265/project/cluster_odd_one_out_survey/images/trial_0064_A_center_cells.png,/gpfs/radev/home/rj265/project/cluster_odd_one_out_survey/images/trial_0064_A_gen_imgs.png,19,2,distractor,B,19,/gpfs/radev/home/rj265/project/cluster_odd_one_out_survey/images/trial_0064_B_center_cells.png,/gpfs/radev/home/rj265/project/cluster_odd_one_out_survey/images/trial_0064_B_gen_imgs.png,2,27,same_2,/gpfs/radev/home/rj265/project/cluster_odd_one_out_survey/images/trial_0064_C_center_cells.png,/gpfs/radev/home/rj265/project/cluster_odd_one_out_survey/images/trial_0064_C_gen_imgs.png
65,2_20,2,20,20,2,0,center_cells,20,9,same_1,/gpfs/radev/home/rj265/project/cluster_odd_one_out_survey/images/trial_0065_A_center_cells.png,/gpfs/radev/home/rj265/project/cluster_odd_one_out_survey/images/trial_0065_A_gen_imgs.png,20,10,same_2,C,2,/gpfs/radev/home/rj265/project/cluster_odd_one_out_survey/images/trial_0065_B_center_cells.png,/gpfs/radev/home/rj265/project/cluster_odd_one_out_survey/images/trial_0065_B_gen_imgs.png,2,40,distractor,/gpfs/radev/home/rj265/project/cluster_odd_one_out_survey/images/trial_0065_C_center_cells.png,/gpfs/radev/home/rj265/project/cluster_odd_one_out_survey/images/trial_0065_C_gen_imgs.png
66,2_21,2,21,21,2,0,center_cells,21,5,same_2,/gpfs/radev/home/rj265/project/cluster_odd_one_out_survey/images/trial_0066_A_center_cells.png,/gpfs/radev/home/rj265/project/cluster_odd_one_out_survey/images/trial_0066_A_gen_imgs.png,2,4,distractor,B,2,/gpfs/radev/home/rj265/project/cluster_odd_one_out_survey/images/trial_0066_B_center_cells.png,/gpfs/radev/home/rj265/project/cluster_odd_one_out_survey/images/trial_0066_B_gen_imgs.png,21,40,same_1,/gpfs/radev/home/rj265/project/cluster_odd_one_out_survey/images/trial_0066_C_center_cells.png,/gpfs/radev/home/rj265/project/cluster_odd_one_out_survey/images/trial_0066_C_gen_imgs.png
67,2_22,2,22,22,2,0,center_cells,2,0,distractor,/gpfs/radev/home/rj265/project/cluster_odd_one_out_survey/images/trial_0067_A_center_cells.png,/gpfs/radev/home/rj265/project/cluster_odd_one_out_survey/images/trial_0067_A_gen_imgs.png,22,24,same_2,A,2,/gpfs/radev/home/rj265/project/cluster_odd_one_out_survey/images/trial_0067_B_center_cells.png,/gpfs/radev/home/rj265/project/cluster_odd_one_out_survey/images/trial_0067_B_gen_imgs.png,22,3,same_1,/gpfs/radev/home/rj265/project/cluster_odd_one_out_survey/images/trial_0067_C_center_cells.png,/gpfs/radev/home/rj265/project/cluster_odd_one_out_survey/images/trial_0067_C_gen_imgs.png
68,2_23,2,23,23,2,0,center_cells,23,28,same_2,/gpfs/radev/home/rj265/project/cluster_odd_one_out_survey/images/trial_0068_A_center_cells.png,/gpfs/radev/home/rj265/project/cluster_odd_one_out_survey/images/trial_0068_A_gen_imgs.png,23,18,same_1,C,2,/gpfs/radev/home/rj265/project/cluster_odd_one_out_survey/images/trial_0068_B_center_cells.png,/gpfs/radev/home/rj265/project/cluster_odd_one_out_survey/images/trial_0068_B_gen_imgs.png,2,31,distractor,/gpfs/radev/home/rj265/project/cluster_odd_one_out_survey/images/trial_0068_C_center_cells.png,/gpfs/radev/home/rj265/project/cluster_odd_one_out_survey/images/trial_0068_C_gen_imgs.png
69,2_24,2,24,2,24,0,center_cells,2,14,same_2,/gpfs/radev/home/rj265/project/cluster_odd_one_out_survey/images/trial_0069_A_center_cells.png,/gpfs/radev/home/rj265/project/cluster_odd_one_out_survey/images/trial_0069_A_gen_imgs.png,2,23,same_1,C,24,/gpfs/radev/home/rj265/project/cluster_odd_one_out_survey/images/trial_0069_B_center_cells.png,/gpfs/radev/home/rj265/project/cluster_odd_one_out_survey/images/trial_0069_B_gen_imgs.png,24,16,distractor,/gpfs/radev/home/rj265/project/cluster_odd_one_out_survey/images/trial_0069_C_center_cells.png,/gpfs/radev/home/rj265/project/cluster_odd_one_out_survey/images/trial_0069_C_gen_imgs.png
70,3_4,3,4,3,4,0,center_cells,3,7,same_2,/gpfs/radev/home/rj265/project/cluster_odd_one_out_survey/images/trial_0070_A_center_cells.png,/gpfs/radev/home/rj265/project/cluster_odd_one_out_survey/images/trial_0070_A_gen_imgs.png,3,22,same_1,C,4,/gpfs/radev/home/rj265/project/cluster_odd_one_out_survey/images/trial_0070_B_center_cells.png,/gpfs/radev/home/rj265/project/cluster_odd_one_out_survey/images/trial_0070_B_gen_imgs.png,4,4,distractor,/gpfs/radev/home/rj265/project/cluster_odd_one_out_survey/images/trial_0070_C_center_cells.png,/gpfs/radev/home/rj265/project/cluster_odd_one_out_survey/images/trial_0070_C_gen_imgs.png
71,3_5,3,5,5,3,0,center_cells,5,48,same_2,/gpfs/radev/home/rj265/project/cluster_odd_one_out_survey/images/trial_0071_A_center_cells.png,/gpfs/radev/home/rj265/project/cluster_odd_one_out_survey/images/trial_0071_A_gen_imgs.png,3,43,distractor,B,3,/gpfs/radev/home/rj265/project/cluster_odd_one_out_survey/images/trial_0071_B_center_cells.png,/gpfs/radev/home/rj265/project/cluster_odd_one_out_survey/images/trial_0071_B_gen_imgs.png,5,28,same_1,/gpfs/radev/home/rj265/project/cluster_odd_one_out_survey/images/trial_0071_C_center_cells.png,/gpfs/radev/home/rj265/project/cluster_odd_one_out_survey/images/trial_0071_C_gen_imgs.png
72,3_6,3,6,3,6,0,center_cells,3,13,same_2,/gpfs/radev/home/rj265/project/cluster_odd_one_out_survey/images/trial_0072_A_center_cells.png,/gpfs/radev/home/rj265/project/cluster_odd_one_out_survey/images/trial_0072_A_gen_imgs.png,6,41,distractor,B,6,/gpfs/radev/home/rj265/project/cluster_odd_one_out_survey/images/trial_0072_B_center_cells.png,/gpfs/radev/home/rj265/project/cluster_odd_one_out_survey/images/trial_0072_B_gen_imgs.png,3,16,same_1,/gpfs/radev/home/rj265/project/cluster_odd_one_out_survey/images/trial_0072_C_center_cells.png,/gpfs/radev/home/rj265/project/cluster_odd_one_out_survey/images/trial_0072_C_gen_imgs.png
73,3_7,3,7,7,3,0,center_cells,7,6,same_1,/gpfs/radev/home/rj265/project/cluster_odd_one_out_survey/images/trial_0073_A_center_cells.png,/gpfs/radev/home/rj265/project/cluster_odd_one_out_survey/images/trial_0073_A_gen_imgs.png,3,29,distractor,B,3,/gpfs/radev/home/rj265/project/cluster_odd_one_out_survey/images/trial_0073_B_center_cells.png,/gpfs/radev/home/rj265/project/cluster_odd_one_out_survey/images/trial_0073_B_gen_imgs.png,7,12,same_2,/gpfs/radev/home/rj265/project/cluster_odd_one_out_survey/images/trial_0073_C_center_cells.png,/gpfs/radev/home/rj265/project/cluster_odd_one_out_survey/images/trial_0073_C_gen_imgs.png
74,3_8,3,8,8,3,0,center_cells,3,38,distractor,/gpfs/radev/home/rj265/project/cluster_odd_one_out_survey/images/trial_0074_A_center_cells.png,/gpfs/radev/home/rj265/project/cluster_odd_one_out_survey/images/trial_0074_A_gen_imgs.png,8,9,same_1,A,3,/gpfs/radev/home/rj265/project/cluster_odd_one_out_survey/images/trial_0074_B_center_cells.png,/gpfs/radev/home/rj265/project/cluster_odd_one_out_survey/images/trial_0074_B_gen_imgs.png,8,6,same_2,/gpfs/radev/home/rj265/project/cluster_odd_one_out_survey/images/trial_0074_C_center_cells.png,/gpfs/radev/home/rj265/project/cluster_odd_one_out_survey/images/trial_0074_C_gen_imgs.png
75,3_9,3,9,9,3,0,center_cells,9,40,same_1,/gpfs/radev/home/rj265/project/cluster_odd_one_out_survey/images/trial_0075_A_center_cells.png,/gpfs/radev/home/rj265/project/cluster_odd_one_out_survey/images/trial_0075_A_gen_imgs.png,9,43,same_2,C,3,/gpfs/radev/home/rj265/project/cluster_odd_one_out_survey/images/trial_0075_B_center_cells.png,/gpfs/radev/home/rj265/project/cluster_odd_one_out_survey/images/trial_0075_B_gen_imgs.png,3,27,distractor,/gpfs/radev/home/rj265/project/cluster_odd_one_out_survey/images/trial_0075_C_center_cells.png,/gpfs/radev/home/rj265/project/cluster_odd_one_out_survey/images/trial_0075_C_gen_imgs.png
76,3_10,3,10,10,3,0,center_cells,10,31,same_2,/gpfs/radev/home/rj265/project/cluster_odd_one_out_survey/images/trial_0076_A_center_cells.png,/gpfs/radev/home/rj265/project/cluster_odd_one_out_survey/images/trial_0076_A_gen_imgs.png,10,20,same_1,C,3,/gpfs/radev/home/rj265/project/cluster_odd_one_out_survey/images/trial_0076_B_center_cells.png,/gpfs/radev/home/rj265/project/cluster_odd_one_out_survey/images/trial_0076_B_gen_imgs.png,3,31,distractor,/gpfs/radev/home/rj265/project/cluster_odd_one_out_survey/images/trial_0076_C_center_cells.png,/gpfs/radev/home/rj265/project/cluster_odd_one_out_survey/images/trial_0076_C_gen_imgs.png
77,3_11,3,11,11,3,0,center_cells,11,14,same_1,/gpfs/radev/home/rj265/project/cluster_odd_one_out_survey/images/trial_0077_A_center_cells.png,/gpfs/radev/home/rj265/project/cluster_odd_one_out_survey/images/trial_0077_A_gen_imgs.png,11,0,same_2,C,3,/gpfs/radev/home/rj265/project/cluster_odd_one_out_survey/images/trial_0077_B_center_cells.png,/gpfs/radev/home/rj265/project/cluster_odd_one_out_survey/images/trial_0077_B_gen_imgs.png,3,21,distractor,/gpfs/radev/home/rj265/project/cluster_odd_one_out_survey/images/trial_0077_C_center_cells.png,/gpfs/radev/home/rj265/project/cluster_odd_one_out_survey/images/trial_0077_C_gen_imgs.png
78,3_12,3,12,12,3,0,center_cells,3,9,distractor,/gpfs/radev/home/rj265/project/cluster_odd_one_out_survey/images/trial_0078_A_center_cells.png,/gpfs/radev/home/rj265/project/cluster_odd_one_out_survey/images/trial_0078_A_gen_imgs.png,12,2,same_1,A,3,/gpfs/radev/home/rj265/project/cluster_odd_one_out_survey/images/trial_0078_B_center_cells.png,/gpfs/radev/home/rj265/project/cluster_odd_one_out_survey/images/trial_0078_B_gen_imgs.png,12,33,same_2,/gpfs/radev/home/rj265/project/cluster_odd_one_out_survey/images/trial_0078_C_center_cells.png,/gpfs/radev/home/rj265/project/cluster_odd_one_out_survey/images/trial_0078_C_gen_imgs.png
79,3_13,3,13,13,3,0,center_cells,13,37,same_1,/gpfs/radev/home/rj265/project/cluster_odd_one_out_survey/images/trial_0079_A_center_cells.png,/gpfs/radev/home/rj265/project/cluster_odd_one_out_survey/images/trial_0079_A_gen_imgs.png,13,18,same_2,C,3,/gpfs/radev/home/rj265/project/cluster_odd_one_out_survey/images/trial_0079_B_center_cells.png,/gpfs/radev/home/rj265/project/cluster_odd_one_out_survey/images/trial_0079_B_gen_imgs.png,3,45,distractor,/gpfs/radev/home/rj265/project/cluster_odd_one_out_survey/images/trial_0079_C_center_cells.png,/gpfs/radev/home/rj265/project/cluster_odd_one_out_survey/images/trial_0079_C_gen_imgs.png
80,3_14,3,14,3,14,0,center_cells,3,33,same_2,/gpfs/radev/home/rj265/project/cluster_odd_one_out_survey/images/trial_0080_A_center_cells.png,/gpfs/radev/home/rj265/project/cluster_odd_one_out_survey/images/trial_0080_A_gen_imgs.png,14,2,distractor,B,14,/gpfs/radev/home/rj265/project/cluster_odd_one_out_survey/images/trial_0080_B_center_cells.png,/gpfs/radev/home/rj265/project/cluster_odd_one_out_survey/images/trial_0080_B_gen_imgs.png,3,5,same_1,/gpfs/radev/home/rj265/project/cluster_odd_one_out_survey/images/trial_0080_C_center_cells.png,/gpfs/radev/home/rj265/project/cluster_odd_one_out_survey/images/trial_0080_C_gen_imgs.png
81,3_15,3,15,3,15,0,center_cells,3,19,same_1,/gpfs/radev/home/rj265/project/cluster_odd_one_out_survey/images/trial_0081_A_center_cells.png,/gpfs/radev/home/rj265/project/cluster_odd_one_out_survey/images/trial_0081_A_gen_imgs.png,15,48,distractor,B,15,/gpfs/radev/home/rj265/project/cluster_odd_one_out_survey/images/trial_0081_B_center_cells.png,/gpfs/radev/home/rj265/project/cluster_odd_one_out_survey/images/trial_0081_B_gen_imgs.png,3,0,same_2,/gpfs/radev/home/rj265/project/cluster_odd_one_out_survey/images/trial_0081_C_center_cells.png,/gpfs/radev/home/rj265/project/cluster_odd_one_out_survey/images/trial_0081_C_gen_imgs.png
82,3_16,3,16,16,3,0,center_cells,16,9,same_1,/gpfs/radev/home/rj265/project/cluster_odd_one_out_survey/images/trial_0082_A_center_cells.png,/gpfs/radev/home/rj265/project/cluster_odd_one_out_survey/images/trial_0082_A_gen_imgs.png,3,29,distractor,B,3,/gpfs/radev/home/rj265/project/cluster_odd_one_out_survey/images/trial_0082_B_center_cells.png,/gpfs/radev/home/rj265/project/cluster_odd_one_out_survey/images/trial_0082_B_gen_imgs.png,16,41,same_2,/gpfs/radev/home/rj265/project/cluster_odd_one_out_survey/images/trial_0082_C_center_cells.png,/gpfs/radev/home/rj265/project/cluster_odd_one_out_survey/images/trial_0082_C_gen_imgs.png
83,3_17,3,17,17,3,0,center_cells,17,2,same_2,/gpfs/radev/home/rj265/project/cluster_odd_one_out_survey/images/trial_0083_A_center_cells.png,/gpfs/radev/home/rj265/project/cluster_odd_one_out_survey/images/trial_0083_A_gen_imgs.png,3,36,distractor,B,3,/gpfs/radev/home/rj265/project/cluster_odd_one_out_survey/images/trial_0083_B_center_cells.png,/gpfs/radev/home/rj265/project/cluster_odd_one_out_survey/images/trial_0083_B_gen_imgs.png,17,32,same_1,/gpfs/radev/home/rj265/project/cluster_odd_one_out_survey/images/trial_0083_C_center_cells.png,/gpfs/radev/home/rj265/project/cluster_odd_one_out_survey/images/trial_0083_C_gen_imgs.png
84,3_18,3,18,18,3,0,center_cells,18,48,same_1,/gpfs/radev/home/rj265/project/cluster_odd_one_out_survey/images/trial_0084_A_center_cells.png,/gpfs/radev/home/rj265/project/cluster_odd_one_out_survey/images/trial_0084_A_gen_imgs.png,18,13,same_2,C,3,/gpfs/radev/home/rj265/project/cluster_odd_one_out_survey/images/trial_0084_B_center_cells.png,/gpfs/radev/home/rj265/project/cluster_odd_one_out_survey/images/trial_0084_B_gen_imgs.png,3,18,distractor,/gpfs/radev/home/rj265/project/cluster_odd_one_out_survey/images/trial_0084_C_center_cells.png,/gpfs/radev/home/rj265/project/cluster_odd_one_out_survey/images/trial_0084_C_gen_imgs.png
85,3_19,3,19,19,3,0,center_cells,19,24,same_2,/gpfs/radev/home/rj265/project/cluster_odd_one_out_survey/images/trial_0085_A_center_cells.png,/gpfs/radev/home/rj265/project/cluster_odd_one_out_survey/images/trial_0085_A_gen_imgs.png,19,30,same_1,C,3,/gpfs/radev/home/rj265/project/cluster_odd_one_out_survey/images/trial_0085_B_center_cells.png,/gpfs/radev/home/rj265/project/cluster_odd_one_out_survey/images/trial_0085_B_gen_imgs.png,3,38,distractor,/gpfs/radev/home/rj265/project/cluster_odd_one_out_survey/images/trial_0085_C_center_cells.png,/gpfs/radev/home/rj265/project/cluster_odd_one_out_survey/images/trial_0085_C_gen_imgs.png
86,3_20,3,20,20,3,0,center_cells,20,42,same_2,/gpfs/radev/home/rj265/project/cluster_odd_one_out_survey/images/trial_0086_A_center_cells.png,/gpfs/radev/home/rj265/project/cluster_odd_one_out_survey/images/trial_0086_A_gen_imgs.png,20,1,same_1,C,3,/gpfs/radev/home/rj265/project/cluster_odd_one_out_survey/images/trial_0086_B_center_cells.png,/gpfs/radev/home/rj265/project/cluster_odd_one_out_survey/images/trial_0086_B_gen_imgs.png,3,0,distractor,/gpfs/radev/home/rj265/project/cluster_odd_one_out_survey/images/trial_0086_C_center_cells.png,/gpfs/radev/home/rj265/project/cluster_odd_one_out_survey/images/trial_0086_C_gen_imgs.png
87,3_21,3,21,3,21,0,center_cells,21,21,distractor,/gpfs/radev/home/rj265/project/cluster_odd_one_out_survey/images/trial_0087_A_center_cells.png,/gpfs/radev/home/rj265/project/cluster_odd_one_out_survey/images/trial_0087_A_gen_imgs.png,3,16,same_2,A,21,/gpfs/radev/home/rj265/project/cluster_odd_one_out_survey/images/trial_0087_B_center_cells.png,/gpfs/radev/home/rj265/project/cluster_odd_one_out_survey/images/trial_0087_B_gen_imgs.png,3,36,same_1,/gpfs/radev/home/rj265/project/cluster_odd_one_out_survey/images/trial_0087_C_center_cells.png,/gpfs/radev/home/rj265/project/cluster_odd_one_out_survey/images/trial_0087_C_gen_imgs.png
88,3_22,3,22,22,3,0,center_cells,22,19,same_1,/gpfs/radev/home/rj265/project/cluster_odd_one_out_survey/images/trial_0088_A_center_cells.png,/gpfs/radev/home/rj265/project/cluster_odd_one_out_survey/images/trial_0088_A_gen_imgs.png,3,26,distractor,B,3,/gpfs/radev/home/rj265/project/cluster_odd_one_out_survey/images/trial_0088_B_center_cells.png,/gpfs/radev/home/rj265/project/cluster_odd_one_out_survey/images/trial_0088_B_gen_imgs.png,22,49,same_2,/gpfs/radev/home/rj265/project/cluster_odd_one_out_survey/images/trial_0088_C_center_cells.png,/gpfs/radev/home/rj265/project/cluster_odd_one_out_survey/images/trial_0088_C_gen_imgs.png
89,3_23,3,23,3,23,0,center_cells,3,41,same_1,/gpfs/radev/home/rj265/project/cluster_odd_one_out_survey/images/trial_0089_A_center_cells.png,/gpfs/radev/home/rj265/project/cluster_odd_one_out_survey/images/trial_0089_A_gen_imgs.png,23,15,distractor,B,23,/gpfs/radev/home/rj265/project/cluster_odd_one_out_survey/images/trial_0089_B_center_cells.png,/gpfs/radev/home/rj265/project/cluster_odd_one_out_survey/images/trial_0089_B_gen_imgs.png,3,8,same_2,/gpfs/radev/home/rj265/project/cluster_odd_one_out_survey/images/trial_0089_C_center_cells.png,/gpfs/radev/home/rj265/project/cluster_odd_one_out_survey/images/trial_0089_C_gen_imgs.png
90,3_24,3,24,3,24,0,center_cells,24,26,distractor,/gpfs/radev/home/rj265/project/cluster_odd_one_out_survey/images/trial_0090_A_center_cells.png,/gpfs/radev/home/rj265/project/cluster_odd_one_out_survey/images/trial_0090_A_gen_imgs.png,3,30,same_2,A,24,/gpfs/radev/home/rj265/project/cluster_odd_one_out_survey/images/trial_0090_B_center_cells.png,/gpfs/radev/home/rj265/project/cluster_odd_one_out_survey/images/trial_0090_B_gen_imgs.png,3,2,same_1,/gpfs/radev/home/rj265/project/cluster_odd_one_out_survey/images/trial_0090_C_center_cells.png,/gpfs/radev/home/rj265/project/cluster_odd_one_out_survey/images/trial_0090_C_gen_imgs.png
91,4_5,4,5,5,4,0,center_cells,5,45,same_2,/gpfs/radev/home/rj265/project/cluster_odd_one_out_survey/images/trial_0091_A_center_cells.png,/gpfs/radev/home/rj265/project/cluster_odd_one_out_survey/images/trial_0091_A_gen_imgs.png,5,38,same_1,C,4,/gpfs/radev/home/rj265/project/cluster_odd_one_out_survey/images/trial_0091_B_center_cells.png,/gpfs/radev/home/rj265/project/cluster_odd_one_out_survey/images/trial_0091_B_gen_imgs.png,4,5,distractor,/gpfs/radev/home/rj265/project/cluster_odd_one_out_survey/images/trial_0091_C_center_cells.png,/gpfs/radev/home/rj265/project/cluster_odd_one_out_survey/images/trial_0091_C_gen_imgs.png
92,4_6,4,6,6,4,0,center_cells,6,22,same_1,/gpfs/radev/home/rj265/project/cluster_odd_one_out_survey/images/trial_0092_A_center_cells.png,/gpfs/radev/home/rj265/project/cluster_odd_one_out_survey/images/trial_0092_A_gen_imgs.png,6,26,same_2,C,4,/gpfs/radev/home/rj265/project/cluster_odd_one_out_survey/images/trial_0092_B_center_cells.png,/gpfs/radev/home/rj265/project/cluster_odd_one_out_survey/images/trial_0092_B_gen_imgs.png,4,2,distractor,/gpfs/radev/home/rj265/project/cluster_odd_one_out_survey/images/trial_0092_C_center_cells.png,/gpfs/radev/home/rj265/project/cluster_odd_one_out_survey/images/trial_0092_C_gen_imgs.png
93,4_7,4,7,4,7,0,center_cells,4,6,same_2,/gpfs/radev/home/rj265/project/cluster_odd_one_out_survey/images/trial_0093_A_center_cells.png,/gpfs/radev/home/rj265/project/cluster_odd_one_out_survey/images/trial_0093_A_gen_imgs.png,7,30,distractor,B,7,/gpfs/radev/home/rj265/project/cluster_odd_one_out_survey/images/trial_0093_B_center_cells.png,/gpfs/radev/home/rj265/project/cluster_odd_one_out_survey/images/trial_0093_B_gen_imgs.png,4,3,same_1,/gpfs/radev/home/rj265/project/cluster_odd_one_out_survey/images/trial_0093_C_center_cells.png,/gpfs/radev/home/rj265/project/cluster_odd_one_out_survey/images/trial_0093_C_gen_imgs.png
94,4_8,4,8,4,8,0,center_cells,8,40,distractor,/gpfs/radev/home/rj265/project/cluster_odd_one_out_survey/images/trial_0094_A_center_cells.png,/gpfs/radev/home/rj265/project/cluster_odd_one_out_survey/images/trial_0094_A_gen_imgs.png,4,39,same_1,A,8,/gpfs/radev/home/rj265/project/cluster_odd_one_out_survey/images/trial_0094_B_center_cells.png,/gpfs/radev/home/rj265/project/cluster_odd_one_out_survey/images/trial_0094_B_gen_imgs.png,4,8,same_2,/gpfs/radev/home/rj265/project/cluster_odd_one_out_survey/images/trial_0094_C_center_cells.png,/gpfs/radev/home/rj265/project/cluster_odd_one_out_survey/images/trial_0094_C_gen_imgs.png
95,4_9,4,9,9,4,0,center_cells,9,41,same_1,/gpfs/radev/home/rj265/project/cluster_odd_one_out_survey/images/trial_0095_A_center_cells.png,/gpfs/radev/home/rj265/project/cluster_odd_one_out_survey/images/trial_0095_A_gen_imgs.png,4,12,distractor,B,4,/gpfs/radev/home/rj265/project/cluster_odd_one_out_survey/images/trial_0095_B_center_cells.png,/gpfs/radev/home/rj265/project/cluster_odd_one_out_survey/images/trial_0095_B_gen_imgs.png,9,22,same_2,/gpfs/radev/home/rj265/project/cluster_odd_one_out_survey/images/trial_0095_C_center_cells.png,/gpfs/radev/home/rj265/project/cluster_odd_one_out_survey/images/trial_0095_C_gen_imgs.png
96,4_10,4,10,4,10,0,center_cells,4,3,same_1,/gpfs/radev/home/rj265/project/cluster_odd_one_out_survey/images/trial_0096_A_center_cells.png,/gpfs/radev/home/rj265/project/cluster_odd_one_out_survey/images/trial_0096_A_gen_imgs.png,10,44,distractor,B,10,/gpfs/radev/home/rj265/project/cluster_odd_one_out_survey/images/trial_0096_B_center_cells.png,/gpfs/radev/home/rj265/project/cluster_odd_one_out_survey/images/trial_0096_B_gen_imgs.png,4,39,same_2,/gpfs/radev/home/rj265/project/cluster_odd_one_out_survey/images/trial_0096_C_center_cells.png,/gpfs/radev/home/rj265/project/cluster_odd_one_out_survey/images/trial_0096_C_gen_imgs.png
97,4_11,4,11,11,4,0,center_cells,4,39,distractor,/gpfs/radev/home/rj265/project/cluster_odd_one_out_survey/images/trial_0097_A_center_cells.png,/gpfs/radev/home/rj265/project/cluster_odd_one_out_survey/images/trial_0097_A_gen_imgs.png,11,43,same_1,A,4,/gpfs/radev/home/rj265/project/cluster_odd_one_out_survey/images/trial_0097_B_center_cells.png,/gpfs/radev/home/rj265/project/cluster_odd_one_out_survey/images/trial_0097_B_gen_imgs.png,11,45,same_2,/gpfs/radev/home/rj265/project/cluster_odd_one_out_survey/images/trial_0097_C_center_cells.png,/gpfs/radev/home/rj265/project/cluster_odd_one_out_survey/images/trial_0097_C_gen_imgs.png
98,4_12,4,12,12,4,0,center_cells,12,18,same_2,/gpfs/radev/home/rj265/project/cluster_odd_one_out_survey/images/trial_0098_A_center_cells.png,/gpfs/radev/home/rj265/project/cluster_odd_one_out_survey/images/trial_0098_A_gen_imgs.png,12,24,same_1,C,4,/gpfs/radev/home/rj265/project/cluster_odd_one_out_survey/images/trial_0098_B_center_cells.png,/gpfs/radev/home/rj265/project/cluster_odd_one_out_survey/images/trial_0098_B_gen_imgs.png,4,47,distractor,/gpfs/radev/home/rj265/project/cluster_odd_one_out_survey/images/trial_0098_C_center_cells.png,/gpfs/radev/home/rj265/project/cluster_odd_one_out_survey/images/trial_0098_C_gen_imgs.png
99,4_13,4,13,13,4,0,center_cells,13,12,same_1,/gpfs/radev/home/rj265/project/cluster_odd_one_out_survey/images/trial_0099_A_center_cells.png,/gpfs/radev/home/rj265/project/cluster_odd_one_out_survey/images/trial_0099_A_gen_imgs.png,4,25,distractor,B,4,/gpfs/radev/home/rj265/project/cluster_odd_one_out_survey/images/trial_0099_B_center_cells.png,/gpfs/radev/home/rj265/project/cluster_odd_one_out_survey/images/trial_0099_B_gen_imgs.png,13,2,same_2,/gpfs/radev/home/rj265/project/cluster_odd_one_out_survey/images/trial_0099_C_center_cells.png,/gpfs/radev/home/rj265/project/cluster_odd_one_out_survey/images/trial_0099_C_gen_imgs.png
100,4_14,4,14,14,4,0,center_cells,14,22,same_2,/gpfs/radev/home/rj265/project/cluster_odd_one_out_survey/images/trial_0100_A_center_cells.png,/gpfs/radev/home/rj265/project/cluster_odd_one_out_survey/images/trial_0100_A_gen_imgs.png,4,40,distractor,B,4,/gpfs/radev/home/rj265/project/cluster_odd_one_out_survey/images/trial_0100_B_center_cells.png,/gpfs/radev/home/rj265/project/cluster_odd_one_out_survey/images/trial_0100_B_gen_imgs.png,14,29,same_1,/gpfs/radev/home/rj265/project/cluster_odd_one_out_survey/images/trial_0100_C_center_cells.png,/gpfs/radev/home/rj265/project/cluster_odd_one_out_survey/images/trial_0100_C_gen_imgs.png
101,4_15,4,15,15,4,0,center_cells,15,31,same_2,/gpfs/radev/home/rj265/project/cluster_odd_one_out_survey/images/trial_0101_A_center_cells.png,/gpfs/radev/home/rj265/project/cluster_odd_one_out_survey/images/trial_0101_A_gen_imgs.png,4,16,distractor,B,4,/gpfs/radev/home/rj265/project/cluster_odd_one_out_survey/images/trial_0101_B_center_cells.png,/gpfs/radev/home/rj265/project/cluster_odd_one_out_survey/images/trial_0101_B_gen_imgs.png,15,2,same_1,/gpfs/radev/home/rj265/project/cluster_odd_one_out_survey/images/trial_0101_C_center_cells.png,/gpfs/radev/home/rj265/project/cluster_odd_one_out_survey/images/trial_0101_C_gen_imgs.png
102,4_16,4,16,4,16,0,center_cells,4,49,same_1,/gpfs/radev/home/rj265/project/cluster_odd_one_out_survey/images/trial_0102_A_center_cells.png,/gpfs/radev/home/rj265/project/cluster_odd_one_out_survey/images/trial_0102_A_gen_imgs.png,4,40,same_2,C,16,/gpfs/radev/home/rj265/project/cluster_odd_one_out_survey/images/trial_0102_B_center_cells.png,/gpfs/radev/home/rj265/project/cluster_odd_one_out_survey/images/trial_0102_B_gen_imgs.png,16,49,distractor,/gpfs/radev/home/rj265/project/cluster_odd_one_out_survey/images/trial_0102_C_center_cells.png,/gpfs/radev/home/rj265/project/cluster_odd_one_out_survey/images/trial_0102_C_gen_imgs.png
103,4_17,4,17,17,4,0,center_cells,17,7,same_1,/gpfs/radev/home/rj265/project/cluster_odd_one_out_survey/images/trial_0103_A_center_cells.png,/gpfs/radev/home/rj265/project/cluster_odd_one_out_survey/images/trial_0103_A_gen_imgs.png,17,9,same_2,C,4,/gpfs/radev/home/rj265/project/cluster_odd_one_out_survey/images/trial_0103_B_center_cells.png,/gpfs/radev/home/rj265/project/cluster_odd_one_out_survey/images/trial_0103_B_gen_imgs.png,4,27,distractor,/gpfs/radev/home/rj265/project/cluster_odd_one_out_survey/images/trial_0103_C_center_cells.png,/gpfs/radev/home/rj265/project/cluster_odd_one_out_survey/images/trial_0103_C_gen_imgs.png
104,4_18,4,18,18,4,0,center_cells,4,4,distractor,/gpfs/radev/home/rj265/project/cluster_odd_one_out_survey/images/trial_0104_A_center_cells.png,/gpfs/radev/home/rj265/project/cluster_odd_one_out_survey/images/trial_0104_A_gen_imgs.png,18,26,same_2,A,4,/gpfs/radev/home/rj265/project/cluster_odd_one_out_survey/images/trial_0104_B_center_cells.png,/gpfs/radev/home/rj265/project/cluster_odd_one_out_survey/images/trial_0104_B_gen_imgs.png,18,6,same_1,/gpfs/radev/home/rj265/project/cluster_odd_one_out_survey/images/trial_0104_C_center_cells.png,/gpfs/radev/home/rj265/project/cluster_odd_one_out_survey/images/trial_0104_C_gen_imgs.png
105,4_19,4,19,19,4,0,center_cells,19,46,same_1,/gpfs/radev/home/rj265/project/cluster_odd_one_out_survey/images/trial_0105_A_center_cells.png,/gpfs/radev/home/rj265/project/cluster_odd_one_out_survey/images/trial_0105_A_gen_imgs.png,4,28,distractor,B,4,/gpfs/radev/home/rj265/project/cluster_odd_one_out_survey/images/trial_0105_B_center_cells.png,/gpfs/radev/home/rj265/project/cluster_odd_one_out_survey/images/trial_0105_B_gen_imgs.png,19,1,same_2,/gpfs/radev/home/rj265/project/cluster_odd_one_out_survey/images/trial_0105_C_center_cells.png,/gpfs/radev/home/rj265/project/cluster_odd_one_out_survey/images/trial_0105_C_gen_imgs.png
106,4_20,4,20,4,20,0,center_cells,20,16,distractor,/gpfs/radev/home/rj265/project/cluster_odd_one_out_survey/images/trial_0106_A_center_cells.png,/gpfs/radev/home/rj265/project/cluster_odd_one_out_survey/images/trial_0106_A_gen_imgs.png,4,46,same_2,A,20,/gpfs/radev/home/rj265/project/cluster_odd_one_out_survey/images/trial_0106_B_center_cells.png,/gpfs/radev/home/rj265/project/cluster_odd_one_out_survey/images/trial_0106_B_gen_imgs.png,4,20,same_1,/gpfs/radev/home/rj265/project/cluster_odd_one_out_survey/images/trial_0106_C_center_cells.png,/gpfs/radev/home/rj265/project/cluster_odd_one_out_survey/images/trial_0106_C_gen_imgs.png
107,4_21,4,21,4,21,0,center_cells,4,22,same_1,/gpfs/radev/home/rj265/project/cluster_odd_one_out_survey/images/trial_0107_A_center_cells.png,/gpfs/radev/home/rj265/project/cluster_odd_one_out_survey/images/trial_0107_A_gen_imgs.png,21,1,distractor,B,21,/gpfs/radev/home/rj265/project/cluster_odd_one_out_survey/images/trial_0107_B_center_cells.png,/gpfs/radev/home/rj265/project/cluster_odd_one_out_survey/images/trial_0107_B_gen_imgs.png,4,44,same_2,/gpfs/radev/home/rj265/project/cluster_odd_one_out_survey/images/trial_0107_C_center_cells.png,/gpfs/radev/home/rj265/project/cluster_odd_one_out_survey/images/trial_0107_C_gen_imgs.png
108,4_22,4,22,4,22,0,center_cells,4,23,same_2,/gpfs/radev/home/rj265/project/cluster_odd_one_out_survey/images/trial_0108_A_center_cells.png,/gpfs/radev/home/rj265/project/cluster_odd_one_out_survey/images/trial_0108_A_gen_imgs.png,4,14,same_1,C,22,/gpfs/radev/home/rj265/project/cluster_odd_one_out_survey/images/trial_0108_B_center_cells.png,/gpfs/radev/home/rj265/project/cluster_odd_one_out_survey/images/trial_0108_B_gen_imgs.png,22,4,distractor,/gpfs/radev/home/rj265/project/cluster_odd_one_out_survey/images/trial_0108_C_center_cells.png,/gpfs/radev/home/rj265/project/cluster_odd_one_out_survey/images/trial_0108_C_gen_imgs.png
109,4_23,4,23,4,23,0,center_cells,4,42,same_2,/gpfs/radev/home/rj265/project/cluster_odd_one_out_survey/images/trial_0109_A_center_cells.png,/gpfs/radev/home/rj265/project/cluster_odd_one_out_survey/images/trial_0109_A_gen_imgs.png,4,13,same_1,C,23,/gpfs/radev/home/rj265/project/cluster_odd_one_out_survey/images/trial_0109_B_center_cells.png,/gpfs/radev/home/rj265/project/cluster_odd_one_out_survey/images/trial_0109_B_gen_imgs.png,23,43,distractor,/gpfs/radev/home/rj265/project/cluster_odd_one_out_survey/images/trial_0109_C_center_cells.png,/gpfs/radev/home/rj265/project/cluster_odd_one_out_survey/images/trial_0109_C_gen_imgs.png
110,4_24,4,24,24,4,0,center_cells,24,23,same_2,/gpfs/radev/home/rj265/project/cluster_odd_one_out_survey/images/trial_0110_A_center_cells.png,/gpfs/radev/home/rj265/project/cluster_odd_one_out_survey/images/trial_0110_A_gen_imgs.png,4,44,distractor,B,4,/gpfs/radev/home/rj265/project/cluster_odd_one_out_survey/images/trial_0110_B_center_cells.png,/gpfs/radev/home/rj265/project/cluster_odd_one_out_survey/images/trial_0110_B_gen_imgs.png,24,18,same_1,/gpfs/radev/home/rj265/project/cluster_odd_one_out_survey/images/trial_0110_C_center_cells.png,/gpfs/radev/home/rj265/project/cluster_odd_one_out_survey/images/trial_0110_C_gen_imgs.png
111,5_6,5,6,6,5,0,center_cells,6,11,same_1,/gpfs/radev/home/rj265/project/cluster_odd_one_out_survey/images/trial_0111_A_center_cells.png,/gpfs/radev/home/rj265/project/cluster_odd_one_out_survey/images/trial_0111_A_gen_imgs.png,5,7,distractor,B,5,/gpfs/radev/home/rj265/project/cluster_odd_one_out_survey/images/trial_0111_B_center_cells.png,/gpfs/radev/home/rj265/project/cluster_odd_one_out_survey/images/trial_0111_B_gen_imgs.png,6,29,same_2,/gpfs/radev/home/rj265/project/cluster_odd_one_out_survey/images/trial_0111_C_center_cells.png,/gpfs/radev/home/rj265/project/cluster_odd_one_out_survey/images/trial_0111_C_gen_imgs.png
112,5_7,5,7,7,5,0,center_cells,5,1,distractor,/gpfs/radev/home/rj265/project/cluster_odd_one_out_survey/images/trial_0112_A_center_cells.png,/gpfs/radev/home/rj265/project/cluster_odd_one_out_survey/images/trial_0112_A_gen_imgs.png,7,8,same_2,A,5,/gpfs/radev/home/rj265/project/cluster_odd_one_out_survey/images/trial_0112_B_center_cells.png,/gpfs/radev/home/rj265/project/cluster_odd_one_out_survey/images/trial_0112_B_gen_imgs.png,7,16,same_1,/gpfs/radev/home/rj265/project/cluster_odd_one_out_survey/images/trial_0112_C_center_cells.png,/gpfs/radev/home/rj265/project/cluster_odd_one_out_survey/images/trial_0112_C_gen_imgs.png
113,5_8,5,8,5,8,0,center_cells,8,40,distractor,/gpfs/radev/home/rj265/project/cluster_odd_one_out_survey/images/trial_0113_A_center_cells.png,/gpfs/radev/home/rj265/project/cluster_odd_one_out_survey/images/trial_0113_A_gen_imgs.png,5,18,same_1,A,8,/gpfs/radev/home/rj265/project/cluster_odd_one_out_survey/images/trial_0113_B_center_cells.png,/gpfs/radev/home/rj265/project/cluster_odd_one_out_survey/images/trial_0113_B_gen_imgs.png,5,35,same_2,/gpfs/radev/home/rj265/project/cluster_odd_one_out_survey/images/trial_0113_C_center_cells.png,/gpfs/radev/home/rj265/project/cluster_odd_one_out_survey/images/trial_0113_C_gen_imgs.png
114,5_9,5,9,9,5,0,center_cells,9,5,same_1,/gpfs/radev/home/rj265/project/cluster_odd_one_out_survey/images/trial_0114_A_center_cells.png,/gpfs/radev/home/rj265/project/cluster_odd_one_out_survey/images/trial_0114_A_gen_imgs.png,9,6,same_2,C,5,/gpfs/radev/home/rj265/project/cluster_odd_one_out_survey/images/trial_0114_B_center_cells.png,/gpfs/radev/home/rj265/project/cluster_odd_one_out_survey/images/trial_0114_B_gen_imgs.png,5,34,distractor,/gpfs/radev/home/rj265/project/cluster_odd_one_out_survey/images/trial_0114_C_center_cells.png,/gpfs/radev/home/rj265/project/cluster_odd_one_out_survey/images/trial_0114_C_gen_imgs.png
115,5_10,5,10,5,10,0,center_cells,10,14,distractor,/gpfs/radev/home/rj265/project/cluster_odd_one_out_survey/images/trial_0115_A_center_cells.png,/gpfs/radev/home/rj265/project/cluster_odd_one_out_survey/images/trial_0115_A_gen_imgs.png,5,9,same_1,A,10,/gpfs/radev/home/rj265/project/cluster_odd_one_out_survey/images/trial_0115_B_center_cells.png,/gpfs/radev/home/rj265/project/cluster_odd_one_out_survey/images/trial_0115_B_gen_imgs.png,5,8,same_2,/gpfs/radev/home/rj265/project/cluster_odd_one_out_survey/images/trial_0115_C_center_cells.png,/gpfs/radev/home/rj265/project/cluster_odd_one_out_survey/images/trial_0115_C_gen_imgs.png
116,5_11,5,11,5,11,0,center_cells,11,23,distractor,/gpfs/radev/home/rj265/project/cluster_odd_one_out_survey/images/trial_0116_A_center_cells.png,/gpfs/radev/home/rj265/project/cluster_odd_one_out_survey/images/trial_0116_A_gen_imgs.png,5,11,same_1,A,11,/gpfs/radev/home/rj265/project/cluster_odd_one_out_survey/images/trial_0116_B_center_cells.png,/gpfs/radev/home/rj265/project/cluster_odd_one_out_survey/images/trial_0116_B_gen_imgs.png,5,18,same_2,/gpfs/radev/home/rj265/project/cluster_odd_one_out_survey/images/trial_0116_C_center_cells.png,/gpfs/radev/home/rj265/project/cluster_odd_one_out_survey/images/trial_0116_C_gen_imgs.png
117,5_12,5,12,12,5,0,center_cells,12,1,same_2,/gpfs/radev/home/rj265/project/cluster_odd_one_out_survey/images/trial_0117_A_center_cells.png,/gpfs/radev/home/rj265/project/cluster_odd_one_out_survey/images/trial_0117_A_gen_imgs.png,5,25,distractor,B,5,/gpfs/radev/home/rj265/project/cluster_odd_one_out_survey/images/trial_0117_B_center_cells.png,/gpfs/radev/home/rj265/project/cluster_odd_one_out_survey/images/trial_0117_B_gen_imgs.png,12,38,same_1,/gpfs/radev/home/rj265/project/cluster_odd_one_out_survey/images/trial_0117_C_center_cells.png,/gpfs/radev/home/rj265/project/cluster_odd_one_out_survey/images/trial_0117_C_gen_imgs.png
118,5_13,5,13,5,13,0,center_cells,5,35,same_2,/gpfs/radev/home/rj265/project/cluster_odd_one_out_survey/images/trial_0118_A_center_cells.png,/gpfs/radev/home/rj265/project/cluster_odd_one_out_survey/images/trial_0118_A_gen_imgs.png,5,19,same_1,C,13,/gpfs/radev/home/rj265/project/cluster_odd_one_out_survey/images/trial_0118_B_center_cells.png,/gpfs/radev/home/rj265/project/cluster_odd_one_out_survey/images/trial_0118_B_gen_imgs.png,13,26,distractor,/gpfs/radev/home/rj265/project/cluster_odd_one_out_survey/images/trial_0118_C_center_cells.png,/gpfs/radev/home/rj265/project/cluster_odd_one_out_survey/images/trial_0118_C_gen_imgs.png
119,5_14,5,14,14,5,0,center_cells,14,40,same_2,/gpfs/radev/home/rj265/project/cluster_odd_one_out_survey/images/trial_0119_A_center_cells.png,/gpfs/radev/home/rj265/project/cluster_odd_one_out_survey/images/trial_0119_A_gen_imgs.png,5,22,distractor,B,5,/gpfs/radev/home/rj265/project/cluster_odd_one_out_survey/images/trial_0119_B_center_cells.png,/gpfs/radev/home/rj265/project/cluster_odd_one_out_survey/images/trial_0119_B_gen_imgs.png,14,19,same_1,/gpfs/radev/home/rj265/project/cluster_odd_one_out_survey/images/trial_0119_C_center_cells.png,/gpfs/radev/home/rj265/project/cluster_odd_one_out_survey/images/trial_0119_C_gen_imgs.png
120,5_15,5,15,5,15,0,center_cells,15,33,distractor,/gpfs/radev/home/rj265/project/cluster_odd_one_out_survey/images/trial_0120_A_center_cells.png,/gpfs/radev/home/rj265/project/cluster_odd_one_out_survey/images/trial_0120_A_gen_imgs.png,5,40,same_2,A,15,/gpfs/radev/home/rj265/project/cluster_odd_one_out_survey/images/trial_0120_B_center_cells.png,/gpfs/radev/home/rj265/project/cluster_odd_one_out_survey/images/trial_0120_B_gen_imgs.png,5,23,same_1,/gpfs/radev/home/rj265/project/cluster_odd_one_out_survey/images/trial_0120_C_center_cells.png,/gpfs/radev/home/rj265/project/cluster_odd_one_out_survey/images/trial_0120_C_gen_imgs.png
121,5_16,5,16,5,16,0,center_cells,16,20,distractor,/gpfs/radev/home/rj265/project/cluster_odd_one_out_survey/images/trial_0121_A_center_cells.png,/gpfs/radev/home/rj265/project/cluster_odd_one_out_survey/images/trial_0121_A_gen_imgs.png,5,26,same_1,A,16,/gpfs/radev/home/rj265/project/cluster_odd_one_out_survey/images/trial_0121_B_center_cells.png,/gpfs/radev/home/rj265/project/cluster_odd_one_out_survey/images/trial_0121_B_gen_imgs.png,5,46,same_2,/gpfs/radev/home/rj265/project/cluster_odd_one_out_survey/images/trial_0121_C_center_cells.png,/gpfs/radev/home/rj265/project/cluster_odd_one_out_survey/images/trial_0121_C_gen_imgs.png
122,5_17,5,17,5,17,0,center_cells,17,11,distractor,/gpfs/radev/home/rj265/project/cluster_odd_one_out_survey/images/trial_0122_A_center_cells.png,/gpfs/radev/home/rj265/project/cluster_odd_one_out_survey/images/trial_0122_A_gen_imgs.png,5,5,same_2,A,17,/gpfs/radev/home/rj265/project/cluster_odd_one_out_survey/images/trial_0122_B_center_cells.png,/gpfs/radev/home/rj265/project/cluster_odd_one_out_survey/images/trial_0122_B_gen_imgs.png,5,30,same_1,/gpfs/radev/home/rj265/project/cluster_odd_one_out_survey/images/trial_0122_C_center_cells.png,/gpfs/radev/home/rj265/project/cluster_odd_one_out_survey/images/trial_0122_C_gen_imgs.png
123,5_18,5,18,5,18,0,center_cells,5,38,same_1,/gpfs/radev/home/rj265/project/cluster_odd_one_out_survey/images/trial_0123_A_center_cells.png,/gpfs/radev/home/rj265/project/cluster_odd_one_out_survey/images/trial_0123_A_gen_imgs.png,5,44,same_2,C,18,/gpfs/radev/home/rj265/project/cluster_odd_one_out_survey/images/trial_0123_B_center_cells.png,/gpfs/radev/home/rj265/project/cluster_odd_one_out_survey/images/trial_0123_B_gen_imgs.png,18,9,distractor,/gpfs/radev/home/rj265/project/cluster_odd_one_out_survey/images/trial_0123_C_center_cells.png,/gpfs/radev/home/rj265/project/cluster_odd_one_out_survey/images/trial_0123_C_gen_imgs.png
124,5_19,5,19,19,5,0,center_cells,5,26,distractor,/gpfs/radev/home/rj265/project/cluster_odd_one_out_survey/images/trial_0124_A_center_cells.png,/gpfs/radev/home/rj265/project/cluster_odd_one_out_survey/images/trial_0124_A_gen_imgs.png,19,11,same_1,A,5,/gpfs/radev/home/rj265/project/cluster_odd_one_out_survey/images/trial_0124_B_center_cells.png,/gpfs/radev/home/rj265/project/cluster_odd_one_out_survey/images/trial_0124_B_gen_imgs.png,19,49,same_2,/gpfs/radev/home/rj265/project/cluster_odd_one_out_survey/images/trial_0124_C_center_cells.png,/gpfs/radev/home/rj265/project/cluster_odd_one_out_survey/images/trial_0124_C_gen_imgs.png
125,5_20,5,20,5,20,0,center_cells,20,33,distractor,/gpfs/radev/home/rj265/project/cluster_odd_one_out_survey/images/trial_0125_A_center_cells.png,/gpfs/radev/home/rj265/project/cluster_odd_one_out_survey/images/trial_0125_A_gen_imgs.png,5,21,same_2,A,20,/gpfs/radev/home/rj265/project/cluster_odd_one_out_survey/images/trial_0125_B_center_cells.png,/gpfs/radev/home/rj265/project/cluster_odd_one_out_survey/images/trial_0125_B_gen_imgs.png,5,29,same_1,/gpfs/radev/home/rj265/project/cluster_odd_one_out_survey/images/trial_0125_C_center_cells.png,/gpfs/radev/home/rj265/project/cluster_odd_one_out_survey/images/trial_0125_C_gen_imgs.png
126,5_21,5,21,5,21,0,center_cells,21,30,distractor,/gpfs/radev/home/rj265/project/cluster_odd_one_out_survey/images/trial_0126_A_center_cells.png,/gpfs/radev/home/rj265/project/cluster_odd_one_out_survey/images/trial_0126_A_gen_imgs.png,5,5,same_2,A,21,/gpfs/radev/home/rj265/project/cluster_odd_one_out_survey/images/trial_0126_B_center_cells.png,/gpfs/radev/home/rj265/project/cluster_odd_one_out_survey/images/trial_0126_B_gen_imgs.png,5,40,same_1,/gpfs/radev/home/rj265/project/cluster_odd_one_out_survey/images/trial_0126_C_center_cells.png,/gpfs/radev/home/rj265/project/cluster_odd_one_out_survey/images/trial_0126_C_gen_imgs.png
127,5_22,5,22,5,22,0,center_cells,22,39,distractor,/gpfs/radev/home/rj265/project/cluster_odd_one_out_survey/images/trial_0127_A_center_cells.png,/gpfs/radev/home/rj265/project/cluster_odd_one_out_survey/images/trial_0127_A_gen_imgs.png,5,44,same_1,A,22,/gpfs/radev/home/rj265/project/cluster_odd_one_out_survey/images/trial_0127_B_center_cells.png,/gpfs/radev/home/rj265/project/cluster_odd_one_out_survey/images/trial_0127_B_gen_imgs.png,5,28,same_2,/gpfs/radev/home/rj265/project/cluster_odd_one_out_survey/images/trial_0127_C_center_cells.png,/gpfs/radev/home/rj265/project/cluster_odd_one_out_survey/images/trial_0127_C_gen_imgs.png
128,5_23,5,23,5,23,0,center_cells,23,40,distractor,/gpfs/radev/home/rj265/project/cluster_odd_one_out_survey/images/trial_0128_A_center_cells.png,/gpfs/radev/home/rj265/project/cluster_odd_one_out_survey/images/trial_0128_A_gen_imgs.png,5,7,same_1,A,23,/gpfs/radev/home/rj265/project/cluster_odd_one_out_survey/images/trial_0128_B_center_cells.png,/gpfs/radev/home/rj265/project/cluster_odd_one_out_survey/images/trial_0128_B_gen_imgs.png,5,49,same_2,/gpfs/radev/home/rj265/project/cluster_odd_one_out_survey/images/trial_0128_C_center_cells.png,/gpfs/radev/home/rj265/project/cluster_odd_one_out_survey/images/trial_0128_C_gen_imgs.png
129,5_24,5,24,5,24,0,center_cells,5,48,same_1,/gpfs/radev/home/rj265/project/cluster_odd_one_out_survey/images/trial_0129_A_center_cells.png,/gpfs/radev/home/rj265/project/cluster_odd_one_out_survey/images/trial_0129_A_gen_imgs.png,5,30,same_2,C,24,/gpfs/radev/home/rj265/project/cluster_odd_one_out_survey/images/trial_0129_B_center_cells.png,/gpfs/radev/home/rj265/project/cluster_odd_one_out_survey/images/trial_0129_B_gen_imgs.png,24,5,distractor,/gpfs/radev/home/rj265/project/cluster_odd_one_out_survey/images/trial_0129_C_center_cells.png,/gpfs/radev/home/rj265/project/cluster_odd_one_out_survey/images/trial_0129_C_gen_imgs.png
130,6_7,6,7,7,6,0,center_cells,7,14,same_1,/gpfs/radev/home/rj265/project/cluster_odd_one_out_survey/images/trial_0130_A_center_cells.png,/gpfs/radev/home/rj265/project/cluster_odd_one_out_survey/images/trial_0130_A_gen_imgs.png,6,48,distractor,B,6,/gpfs/radev/home/rj265/project/cluster_odd_one_out_survey/images/trial_0130_B_center_cells.png,/gpfs/radev/home/rj265/project/cluster_odd_one_out_survey/images/trial_0130_B_gen_imgs.png,7,34,same_2,/gpfs/radev/home/rj265/project/cluster_odd_one_out_survey/images/trial_0130_C_center_cells.png,/gpfs/radev/home/rj265/project/cluster_odd_one_out_survey/images/trial_0130_C_gen_imgs.png
131,6_8,6,8,8,6,0,center_cells,8,7,same_2,/gpfs/radev/home/rj265/project/cluster_odd_one_out_survey/images/trial_0131_A_center_cells.png,/gpfs/radev/home/rj265/project/cluster_odd_one_out_survey/images/trial_0131_A_gen_imgs.png,8,1,same_1,C,6,/gpfs/radev/home/rj265/project/cluster_odd_one_out_survey/images/trial_0131_B_center_cells.png,/gpfs/radev/home/rj265/project/cluster_odd_one_out_survey/images/trial_0131_B_gen_imgs.png,6,17,distractor,/gpfs/radev/home/rj265/project/cluster_odd_one_out_survey/images/trial_0131_C_center_cells.png,/gpfs/radev/home/rj265/project/cluster_odd_one_out_survey/images/trial_0131_C_gen_imgs.png
132,6_9,6,9,6,9,0,center_cells,6,25,same_1,/gpfs/radev/home/rj265/project/cluster_odd_one_out_survey/images/trial_0132_A_center_cells.png,/gpfs/radev/home/rj265/project/cluster_odd_one_out_survey/images/trial_0132_A_gen_imgs.png,6,33,same_2,C,9,/gpfs/radev/home/rj265/project/cluster_odd_one_out_survey/images/trial_0132_B_center_cells.png,/gpfs/radev/home/rj265/project/cluster_odd_one_out_survey/images/trial_0132_B_gen_imgs.png,9,37,distractor,/gpfs/radev/home/rj265/project/cluster_odd_one_out_survey/images/trial_0132_C_center_cells.png,/gpfs/radev/home/rj265/project/cluster_odd_one_out_survey/images/trial_0132_C_gen_imgs.png
133,6_10,6,10,6,10,0,center_cells,10,22,distractor,/gpfs/radev/home/rj265/project/cluster_odd_one_out_survey/images/trial_0133_A_center_cells.png,/gpfs/radev/home/rj265/project/cluster_odd_one_out_survey/images/trial_0133_A_gen_imgs.png,6,47,same_1,A,10,/gpfs/radev/home/rj265/project/cluster_odd_one_out_survey/images/trial_0133_B_center_cells.png,/gpfs/radev/home/rj265/project/cluster_odd_one_out_survey/images/trial_0133_B_gen_imgs.png,6,16,same_2,/gpfs/radev/home/rj265/project/cluster_odd_one_out_survey/images/trial_0133_C_center_cells.png,/gpfs/radev/home/rj265/project/cluster_odd_one_out_survey/images/trial_0133_C_gen_imgs.png
134,6_11,6,11,11,6,0,center_cells,11,2,same_1,/gpfs/radev/home/rj265/project/cluster_odd_one_out_survey/images/trial_0134_A_center_cells.png,/gpfs/radev/home/rj265/project/cluster_odd_one_out_survey/images/trial_0134_A_gen_imgs.png,6,16,distractor,B,6,/gpfs/radev/home/rj265/project/cluster_odd_one_out_survey/images/trial_0134_B_center_cells.png,/gpfs/radev/home/rj265/project/cluster_odd_one_out_survey/images/trial_0134_B_gen_imgs.png,11,4,same_2,/gpfs/radev/home/rj265/project/cluster_odd_one_out_survey/images/trial_0134_C_center_cells.png,/gpfs/radev/home/rj265/project/cluster_odd_one_out_survey/images/trial_0134_C_gen_imgs.png
135,6_12,6,12,6,12,0,center_cells,12,10,distractor,/gpfs/radev/home/rj265/project/cluster_odd_one_out_survey/images/trial_0135_A_center_cells.png,/gpfs/radev/home/rj265/project/cluster_odd_one_out_survey/images/trial_0135_A_gen_imgs.png,6,48,same_2,A,12,/gpfs/radev/home/rj265/project/cluster_odd_one_out_survey/images/trial_0135_B_center_cells.png,/gpfs/radev/home/rj265/project/cluster_odd_one_out_survey/images/trial_0135_B_gen_imgs.png,6,15,same_1,/gpfs/radev/home/rj265/project/cluster_odd_one_out_survey/images/trial_0135_C_center_cells.png,/gpfs/radev/home/rj265/project/cluster_odd_one_out_survey/images/trial_0135_C_gen_imgs.png
136,6_13,6,13,13,6,0,center_cells,13,33,same_2,/gpfs/radev/home/rj265/project/cluster_odd_one_out_survey/images/trial_0136_A_center_cells.png,/gpfs/radev/home/rj265/project/cluster_odd_one_out_survey/images/trial_0136_A_gen_imgs.png,13,18,same_1,C,6,/gpfs/radev/home/rj265/project/cluster_odd_one_out_survey/images/trial_0136_B_center_cells.png,/gpfs/radev/home/rj265/project/cluster_odd_one_out_survey/images/trial_0136_B_gen_imgs.png,6,8,distractor,/gpfs/radev/home/rj265/project/cluster_odd_one_out_survey/images/trial_0136_C_center_cells.png,/gpfs/radev/home/rj265/project/cluster_odd_one_out_survey/images/trial_0136_C_gen_imgs.png
137,6_14,6,14,14,6,0,center_cells,14,26,same_1,/gpfs/radev/home/rj265/project/cluster_odd_one_out_survey/images/trial_0137_A_center_cells.png,/gpfs/radev/home/rj265/project/cluster_odd_one_out_survey/images/trial_0137_A_gen_imgs.png,6,34,distractor,B,6,/gpfs/radev/home/rj265/project/cluster_odd_one_out_survey/images/trial_0137_B_center_cells.png,/gpfs/radev/home/rj265/project/cluster_odd_one_out_survey/images/trial_0137_B_gen_imgs.png,14,40,same_2,/gpfs/radev/home/rj265/project/cluster_odd_one_out_survey/images/trial_0137_C_center_cells.png,/gpfs/radev/home/rj265/project/cluster_odd_one_out_survey/images/trial_0137_C_gen_imgs.png
138,6_15,6,15,6,15,0,center_cells,6,36,same_2,/gpfs/radev/home/rj265/project/cluster_odd_one_out_survey/images/trial_0138_A_center_cells.png,/gpfs/radev/home/rj265/project/cluster_odd_one_out_survey/images/trial_0138_A_gen_imgs.png,15,40,distractor,B,15,/gpfs/radev/home/rj265/project/cluster_odd_one_out_survey/images/trial_0138_B_center_cells.png,/gpfs/radev/home/rj265/project/cluster_odd_one_out_survey/images/trial_0138_B_gen_imgs.png,6,23,same_1,/gpfs/radev/home/rj265/project/cluster_odd_one_out_survey/images/trial_0138_C_center_cells.png,/gpfs/radev/home/rj265/project/cluster_odd_one_out_survey/images/trial_0138_C_gen_imgs.png
139,6_16,6,16,6,16,0,center_cells,6,7,same_1,/gpfs/radev/home/rj265/project/cluster_odd_one_out_survey/images/trial_0139_A_center_cells.png,/gpfs/radev/home/rj265/project/cluster_odd_one_out_survey/images/trial_0139_A_gen_imgs.png,6,24,same_2,C,16,/gpfs/radev/home/rj265/project/cluster_odd_one_out_survey/images/trial_0139_B_center_cells.png,/gpfs/radev/home/rj265/project/cluster_odd_one_out_survey/images/trial_0139_B_gen_imgs.png,16,25,distractor,/gpfs/radev/home/rj265/project/cluster_odd_one_out_survey/images/trial_0139_C_center_cells.png,/gpfs/radev/home/rj265/project/cluster_odd_one_out_survey/images/trial_0139_C_gen_imgs.png
140,6_17,6,17,6,17,0,center_cells,6,42,same_1,/gpfs/radev/home/rj265/project/cluster_odd_one_out_survey/images/trial_0140_A_center_cells.png,/gpfs/radev/home/rj265/project/cluster_odd_one_out_survey/images/trial_0140_A_gen_imgs.png,6,19,same_2,C,17,/gpfs/radev/home/rj265/project/cluster_odd_one_out_survey/images/trial_0140_B_center_cells.png,/gpfs/radev/home/rj265/project/cluster_odd_one_out_survey/images/trial_0140_B_gen_imgs.png,17,22,distractor,/gpfs/radev/home/rj265/project/cluster_odd_one_out_survey/images/trial_0140_C_center_cells.png,/gpfs/radev/home/rj265/project/cluster_odd_one_out_survey/images/trial_0140_C_gen_imgs.png
141,6_18,6,18,18,6,0,center_cells,18,13,same_1,/gpfs/radev/home/rj265/project/cluster_odd_one_out_survey/images/trial_0141_A_center_cells.png,/gpfs/radev/home/rj265/project/cluster_odd_one_out_survey/images/trial_0141_A_gen_imgs.png,18,30,same_2,C,6,/gpfs/radev/home/rj265/project/cluster_odd_one_out_survey/images/trial_0141_B_center_cells.png,/gpfs/radev/home/rj265/project/cluster_odd_one_out_survey/images/trial_0141_B_gen_imgs.png,6,31,distractor,/gpfs/radev/home/rj265/project/cluster_odd_one_out_survey/images/trial_0141_C_center_cells.png,/gpfs/radev/home/rj265/project/cluster_odd_one_out_survey/images/trial_0141_C_gen_imgs.png
142,6_19,6,19,6,19,0,center_cells,19,19,distractor,/gpfs/radev/home/rj265/project/cluster_odd_one_out_survey/images/trial_0142_A_center_cells.png,/gpfs/radev/home/rj265/project/cluster_odd_one_out_survey/images/trial_0142_A_gen_imgs.png,6,28,same_2,A,19,/gpfs/radev/home/rj265/project/cluster_odd_one_out_survey/images/trial_0142_B_center_cells.png,/gpfs/radev/home/rj265/project/cluster_odd_one_out_survey/images/trial_0142_B_gen_imgs.png,6,3,same_1,/gpfs/radev/home/rj265/project/cluster_odd_one_out_survey/images/trial_0142_C_center_cells.png,/gpfs/radev/home/rj265/project/cluster_odd_one_out_survey/images/trial_0142_C_gen_imgs.png
143,6_20,6,20,6,20,0,center_cells,6,39,same_1,/gpfs/radev/home/rj265/project/cluster_odd_one_out_survey/images/trial_0143_A_center_cells.png,/gpfs/radev/home/rj265/project/cluster_odd_one_out_survey/images/trial_0143_A_gen_imgs.png,20,1,distractor,B,20,/gpfs/radev/home/rj265/project/cluster_odd_one_out_survey/images/trial_0143_B_center_cells.png,/gpfs/radev/home/rj265/project/cluster_odd_one_out_survey/images/trial_0143_B_gen_imgs.png,6,13,same_2,/gpfs/radev/home/rj265/project/cluster_odd_one_out_survey/images/trial_0143_C_center_cells.png,/gpfs/radev/home/rj265/project/cluster_odd_one_out_survey/images/trial_0143_C_gen_imgs.png
144,6_21,6,21,6,21,0,center_cells,6,33,same_2,/gpfs/radev/home/rj265/project/cluster_odd_one_out_survey/images/trial_0144_A_center_cells.png,/gpfs/radev/home/rj265/project/cluster_odd_one_out_survey/images/trial_0144_A_gen_imgs.png,6,0,same_1,C,21,/gpfs/radev/home/rj265/project/cluster_odd_one_out_survey/images/trial_0144_B_center_cells.png,/gpfs/radev/home/rj265/project/cluster_odd_one_out_survey/images/trial_0144_B_gen_imgs.png,21,4,distractor,/gpfs/radev/home/rj265/project/cluster_odd_one_out_survey/images/trial_0144_C_center_cells.png,/gpfs/radev/home/rj265/project/cluster_odd_one_out_survey/images/trial_0144_C_gen_imgs.png
145,6_22,6,22,22,6,0,center_cells,6,25,distractor,/gpfs/radev/home/rj265/project/cluster_odd_one_out_survey/images/trial_0145_A_center_cells.png,/gpfs/radev/home/rj265/project/cluster_odd_one_out_survey/images/trial_0145_A_gen_imgs.png,22,42,same_2,A,6,/gpfs/radev/home/rj265/project/cluster_odd_one_out_survey/images/trial_0145_B_center_cells.png,/gpfs/radev/home/rj265/project/cluster_odd_one_out_survey/images/trial_0145_B_gen_imgs.png,22,47,same_1,/gpfs/radev/home/rj265/project/cluster_odd_one_out_survey/images/trial_0145_C_center_cells.png,/gpfs/radev/home/rj265/project/cluster_odd_one_out_survey/images/trial_0145_C_gen_imgs.png
146,6_23,6,23,6,23,0,center_cells,6,39,same_1,/gpfs/radev/home/rj265/project/cluster_odd_one_out_survey/images/trial_0146_A_center_cells.png,/gpfs/radev/home/rj265/project/cluster_odd_one_out_survey/images/trial_0146_A_gen_imgs.png,6,0,same_2,C,23,/gpfs/radev/home/rj265/project/cluster_odd_one_out_survey/images/trial_0146_B_center_cells.png,/gpfs/radev/home/rj265/project/cluster_odd_one_out_survey/images/trial_0146_B_gen_imgs.png,23,17,distractor,/gpfs/radev/home/rj265/project/cluster_odd_one_out_survey/images/trial_0146_C_center_cells.png,/gpfs/radev/home/rj265/project/cluster_odd_one_out_survey/images/trial_0146_C_gen_imgs.png
147,6_24,6,24,24,6,0,center_cells,24,14,same_1,/gpfs/radev/home/rj265/project/cluster_odd_one_out_survey/images/trial_0147_A_center_cells.png,/gpfs/radev/home/rj265/project/cluster_odd_one_out_survey/images/trial_0147_A_gen_imgs.png,24,9,same_2,C,6,/gpfs/radev/home/rj265/project/cluster_odd_one_out_survey/images/trial_0147_B_center_cells.png,/gpfs/radev/home/rj265/project/cluster_odd_one_out_survey/images/trial_0147_B_gen_imgs.png,6,48,distractor,/gpfs/radev/home/rj265/project/cluster_odd_one_out_survey/images/trial_0147_C_center_cells.png,/gpfs/radev/home/rj265/project/cluster_odd_one_out_survey/images/trial_0147_C_gen_imgs.png
148,7_8,7,8,7,8,0,center_cells,7,27,same_1,/gpfs/radev/home/rj265/project/cluster_odd_one_out_survey/images/trial_0148_A_center_cells.png,/gpfs/radev/home/rj265/project/cluster_odd_one_out_survey/images/trial_0148_A_gen_imgs.png,8,45,distractor,B,8,/gpfs/radev/home/rj265/project/cluster_odd_one_out_survey/images/trial_0148_B_center_cells.png,/gpfs/radev/home/rj265/project/cluster_odd_one_out_survey/images/trial_0148_B_gen_imgs.png,7,29,same_2,/gpfs/radev/home/rj265/project/cluster_odd_one_out_survey/images/trial_0148_C_center_cells.png,/gpfs/radev/home/rj265/project/cluster_odd_one_out_survey/images/trial_0148_C_gen_imgs.png
149,7_9,7,9,7,9,0,center_cells,9,43,distractor,/gpfs/radev/home/rj265/project/cluster_odd_one_out_survey/images/trial_0149_A_center_cells.png,/gpfs/radev/home/rj265/project/cluster_odd_one_out_survey/images/trial_0149_A_gen_imgs.png,7,26,same_1,A,9,/gpfs/radev/home/rj265/project/cluster_odd_one_out_survey/images/trial_0149_B_center_cells.png,/gpfs/radev/home/rj265/project/cluster_odd_one_out_survey/images/trial_0149_B_gen_imgs.png,7,41,same_2,/gpfs/radev/home/rj265/project/cluster_odd_one_out_survey/images/trial_0149_C_center_cells.png,/gpfs/radev/home/rj265/project/cluster_odd_one_out_survey/images/trial_0149_C_gen_imgs.png
150,7_10,7,10,7,10,0,center_cells,10,33,distractor,/gpfs/radev/home/rj265/project/cluster_odd_one_out_survey/images/trial_0150_A_center_cells.png,/gpfs/radev/home/rj265/project/cluster_odd_one_out_survey/images/trial_0150_A_gen_imgs.png,7,45,same_1,A,10,/gpfs/radev/home/rj265/project/cluster_odd_one_out_survey/images/trial_0150_B_center_cells.png,/gpfs/radev/home/rj265/project/cluster_odd_one_out_survey/images/trial_0150_B_gen_imgs.png,7,9,same_2,/gpfs/radev/home/rj265/project/cluster_odd_one_out_survey/images/trial_0150_C_center_cells.png,/gpfs/radev/home/rj265/project/cluster_odd_one_out_survey/images/trial_0150_C_gen_imgs.png
151,7_11,7,11,7,11,0,center_cells,7,11,same_1,/gpfs/radev/home/rj265/project/cluster_odd_one_out_survey/images/trial_0151_A_center_cells.png,/gpfs/radev/home/rj265/project/cluster_odd_one_out_survey/images/trial_0151_A_gen_imgs.png,11,22,distractor,B,11,/gpfs/radev/home/rj265/project/cluster_odd_one_out_survey/images/trial_0151_B_center_cells.png,/gpfs/radev/home/rj265/project/cluster_odd_one_out_survey/images/trial_0151_B_gen_imgs.png,7,28,same_2,/gpfs/radev/home/rj265/project/cluster_odd_one_out_survey/images/trial_0151_C_center_cells.png,/gpfs/radev/home/rj265/project/cluster_odd_one_out_survey/images/trial_0151_C_gen_imgs.png
152,7_12,7,12,12,7,0,center_cells,7,14,distractor,/gpfs/radev/home/rj265/project/cluster_odd_one_out_survey/images/trial_0152_A_center_cells.png,/gpfs/radev/home/rj265/project/cluster_odd_one_out_survey/images/trial_0152_A_gen_imgs.png,12,46,same_2,A,7,/gpfs/radev/home/rj265/project/cluster_odd_one_out_survey/images/trial_0152_B_center_cells.png,/gpfs/radev/home/rj265/project/cluster_odd_one_out_survey/images/trial_0152_B_gen_imgs.png,12,24,same_1,/gpfs/radev/home/rj265/project/cluster_odd_one_out_survey/images/trial_0152_C_center_cells.png,/gpfs/radev/home/rj265/project/cluster_odd_one_out_survey/images/trial_0152_C_gen_imgs.png
153,7_13,7,13,13,7,0,center_cells,7,3,distractor,/gpfs/radev/home/rj265/project/cluster_odd_one_out_survey/images/trial_0153_A_center_cells.png,/gpfs/radev/home/rj265/project/cluster_odd_one_out_survey/images/trial_0153_A_gen_imgs.png,13,37,same_1,A,7,/gpfs/radev/home/rj265/project/cluster_odd_one_out_survey/images/trial_0153_B_center_cells.png,/gpfs/radev/home/rj265/project/cluster_odd_one_out_survey/images/trial_0153_B_gen_imgs.png,13,45,same_2,/gpfs/radev/home/rj265/project/cluster_odd_one_out_survey/images/trial_0153_C_center_cells.png,/gpfs/radev/home/rj265/project/cluster_odd_one_out_survey/images/trial_0153_C_gen_imgs.png
154,7_14,7,14,7,14,0,center_cells,7,11,same_2,/gpfs/radev/home/rj265/project/cluster_odd_one_out_survey/images/trial_0154_A_center_cells.png,/gpfs/radev/home/rj265/project/cluster_odd_one_out_survey/images/trial_0154_A_gen_imgs.png,14,23,distractor,B,14,/gpfs/radev/home/rj265/project/cluster_odd_one_out_survey/images/trial_0154_B_center_cells.png,/gpfs/radev/home/rj265/project/cluster_odd_one_out_survey/images/trial_0154_B_gen_imgs.png,7,5,same_1,/gpfs/radev/home/rj265/project/cluster_odd_one_out_survey/images/trial_0154_C_center_cells.png,/gpfs/radev/home/rj265/project/cluster_odd_one_out_survey/images/trial_0154_C_gen_imgs.png
155,7_15,7,15,7,15,0,center_cells,7,19,same_1,/gpfs/radev/home/rj265/project/cluster_odd_one_out_survey/images/trial_0155_A_center_cells.png,/gpfs/radev/home/rj265/project/cluster_odd_one_out_survey/images/trial_0155_A_gen_imgs.png,7,39,same_2,C,15,/gpfs/radev/home/rj265/project/cluster_odd_one_out_survey/images/trial_0155_B_center_cells.png,/gpfs/radev/home/rj265/project/cluster_odd_one_out_survey/images/trial_0155_B_gen_imgs.png,15,5,distractor,/gpfs/radev/home/rj265/project/cluster_odd_one_out_survey/images/trial_0155_C_center_cells.png,/gpfs/radev/home/rj265/project/cluster_odd_one_out_survey/images/trial_0155_C_gen_imgs.png
156,7_16,7,16,16,7,0,center_cells,7,29,distractor,/gpfs/radev/home/rj265/project/cluster_odd_one_out_survey/images/trial_0156_A_center_cells.png,/gpfs/radev/home/rj265/project/cluster_odd_one_out_survey/images/trial_0156_A_gen_imgs.png,16,26,same_2,A,7,/gpfs/radev/home/rj265/project/cluster_odd_one_out_survey/images/trial_0156_B_center_cells.png,/gpfs/radev/home/rj265/project/cluster_odd_one_out_survey/images/trial_0156_B_gen_imgs.png,16,22,same_1,/gpfs/radev/home/rj265/project/cluster_odd_one_out_survey/images/trial_0156_C_center_cells.png,/gpfs/radev/home/rj265/project/cluster_odd_one_out_survey/images/trial_0156_C_gen_imgs.png
157,7_17,7,17,17,7,0,center_cells,7,45,distractor,/gpfs/radev/home/rj265/project/cluster_odd_one_out_survey/images/trial_0157_A_center_cells.png,/gpfs/radev/home/rj265/project/cluster_odd_one_out_survey/images/trial_0157_A_gen_imgs.png,17,31,same_1,A,7,/gpfs/radev/home/rj265/project/cluster_odd_one_out_survey/images/trial_0157_B_center_cells.png,/gpfs/radev/home/rj265/project/cluster_odd_one_out_survey/images/trial_0157_B_gen_imgs.png,17,16,same_2,/gpfs/radev/home/rj265/project/cluster_odd_one_out_survey/images/trial_0157_C_center_cells.png,/gpfs/radev/home/rj265/project/cluster_odd_one_out_survey/images/trial_0157_C_gen_imgs.png
158,7_18,7,18,7,18,0,center_cells,18,10,distractor,/gpfs/radev/home/rj265/project/cluster_odd_one_out_survey/images/trial_0158_A_center_cells.png,/gpfs/radev/home/rj265/project/cluster_odd_one_out_survey/images/trial_0158_A_gen_imgs.png,7,2,same_1,A,18,/gpfs/radev/home/rj265/project/cluster_odd_one_out_survey/images/trial_0158_B_center_cells.png,/gpfs/radev/home/rj265/project/cluster_odd_one_out_survey/images/trial_0158_B_gen_imgs.png,7,3,same_2,/gpfs/radev/home/rj265/project/cluster_odd_one_out_survey/images/trial_0158_C_center_cells.png,/gpfs/radev/home/rj265/project/cluster_odd_one_out_survey/images/trial_0158_C_gen_imgs.png
159,7_19,7,19,7,19,0,center_cells,19,4,distractor,/gpfs/radev/home/rj265/project/cluster_odd_one_out_survey/images/trial_0159_A_center_cells.png,/gpfs/radev/home/rj265/project/cluster_odd_one_out_survey/images/trial_0159_A_gen_imgs.png,7,0,same_1,A,19,/gpfs/radev/home/rj265/project/cluster_odd_one_out_survey/images/trial_0159_B_center_cells.png,/gpfs/radev/home/rj265/project/cluster_odd_one_out_survey/images/trial_0159_B_gen_imgs.png,7,8,same_2,/gpfs/radev/home/rj265/project/cluster_odd_one_out_survey/images/trial_0159_C_center_cells.png,/gpfs/radev/home/rj265/project/cluster_odd_one_out_survey/images/trial_0159_C_gen_imgs.png
160,7_20,7,20,20,7,0,center_cells,7,14,distractor,/gpfs/radev/home/rj265/project/cluster_odd_one_out_survey/images/trial_0160_A_center_cells.png,/gpfs/radev/home/rj265/project/cluster_odd_one_out_survey/images/trial_0160_A_gen_imgs.png,20,25,same_1,A,7,/gpfs/radev/home/rj265/project/cluster_odd_one_out_survey/images/trial_0160_B_center_cells.png,/gpfs/radev/home/rj265/project/cluster_odd_one_out_survey/images/trial_0160_B_gen_imgs.png,20,35,same_2,/gpfs/radev/home/rj265/project/cluster_odd_one_out_survey/images/trial_0160_C_center_cells.png,/gpfs/radev/home/rj265/project/cluster_odd_one_out_survey/images/trial_0160_C_gen_imgs.png
161,7_21,7,21,7,21,0,center_cells,7,6,same_1,/gpfs/radev/home/rj265/project/cluster_odd_one_out_survey/images/trial_0161_A_center_cells.png,/gpfs/radev/home/rj265/project/cluster_odd_one_out_survey/images/trial_0161_A_gen_imgs.png,21,5,distractor,B,21,/gpfs/radev/home/rj265/project/cluster_odd_one_out_survey/images/trial_0161_B_center_cells.png,/gpfs/radev/home/rj265/project/cluster_odd_one_out_survey/images/trial_0161_B_gen_imgs.png,7,38,same_2,/gpfs/radev/home/rj265/project/cluster_odd_one_out_survey/images/trial_0161_C_center_cells.png,/gpfs/radev/home/rj265/project/cluster_odd_one_out_survey/images/trial_0161_C_gen_imgs.png
162,7_22,7,22,22,7,0,center_cells,22,16,same_2,/gpfs/radev/home/rj265/project/cluster_odd_one_out_survey/images/trial_0162_A_center_cells.png,/gpfs/radev/home/rj265/project/cluster_odd_one_out_survey/images/trial_0162_A_gen_imgs.png,22,20,same_1,C,7,/gpfs/radev/home/rj265/project/cluster_odd_one_out_survey/images/trial_0162_B_center_cells.png,/gpfs/radev/home/rj265/project/cluster_odd_one_out_survey/images/trial_0162_B_gen_imgs.png,7,1,distractor,/gpfs/radev/home/rj265/project/cluster_odd_one_out_survey/images/trial_0162_C_center_cells.png,/gpfs/radev/home/rj265/project/cluster_odd_one_out_survey/images/trial_0162_C_gen_imgs.png
163,7_23,7,23,7,23,0,center_cells,23,33,distractor,/gpfs/radev/home/rj265/project/cluster_odd_one_out_survey/images/trial_0163_A_center_cells.png,/gpfs/radev/home/rj265/project/cluster_odd_one_out_survey/images/trial_0163_A_gen_imgs.png,7,5,same_1,A,23,/gpfs/radev/home/rj265/project/cluster_odd_one_out_survey/images/trial_0163_B_center_cells.png,/gpfs/radev/home/rj265/project/cluster_odd_one_out_survey/images/trial_0163_B_gen_imgs.png,7,13,same_2,/gpfs/radev/home/rj265/project/cluster_odd_one_out_survey/images/trial_0163_C_center_cells.png,/gpfs/radev/home/rj265/project/cluster_odd_one_out_survey/images/trial_0163_C_gen_imgs.png
164,7_24,7,24,24,7,0,center_cells,24,16,same_1,/gpfs/radev/home/rj265/project/cluster_odd_one_out_survey/images/trial_0164_A_center_cells.png,/gpfs/radev/home/rj265/project/cluster_odd_one_out_survey/images/trial_0164_A_gen_imgs.png,24,43,same_2,C,7,/gpfs/radev/home/rj265/project/cluster_odd_one_out_survey/images/trial_0164_B_center_cells.png,/gpfs/radev/home/rj265/project/cluster_odd_one_out_survey/images/trial_0164_B_gen_imgs.png,7,46,distractor,/gpfs/radev/home/rj265/project/cluster_odd_one_out_survey/images/trial_0164_C_center_cells.png,/gpfs/radev/home/rj265/project/cluster_odd_one_out_survey/images/trial_0164_C_gen_imgs.png
165,8_9,8,9,8,9,0,center_cells,9,30,distractor,/gpfs/radev/home/rj265/project/cluster_odd_one_out_survey/images/trial_0165_A_center_cells.png,/gpfs/radev/home/rj265/project/cluster_odd_one_out_survey/images/trial_0165_A_gen_imgs.png,8,24,same_1,A,9,/gpfs/radev/home/rj265/project/cluster_odd_one_out_survey/images/trial_0165_B_center_cells.png,/gpfs/radev/home/rj265/project/cluster_odd_one_out_survey/images/trial_0165_B_gen_imgs.png,8,16,same_2,/gpfs/radev/home/rj265/project/cluster_odd_one_out_survey/images/trial_0165_C_center_cells.png,/gpfs/radev/home/rj265/project/cluster_odd_one_out_survey/images/trial_0165_C_gen_imgs.png
166,8_10,8,10,8,10,0,center_cells,8,35,same_1,/gpfs/radev/home/rj265/project/cluster_odd_one_out_survey/images/trial_0166_A_center_cells.png,/gpfs/radev/home/rj265/project/cluster_odd_one_out_survey/images/trial_0166_A_gen_imgs.png,10,0,distractor,B,10,/gpfs/radev/home/rj265/project/cluster_odd_one_out_survey/images/trial_0166_B_center_cells.png,/gpfs/radev/home/rj265/project/cluster_odd_one_out_survey/images/trial_0166_B_gen_imgs.png,8,4,same_2,/gpfs/radev/home/rj265/project/cluster_odd_one_out_survey/images/trial_0166_C_center_cells.png,/gpfs/radev/home/rj265/project/cluster_odd_one_out_survey/images/trial_0166_C_gen_imgs.png
167,8_11,8,11,11,8,0,center_cells,11,3,same_1,/gpfs/radev/home/rj265/project/cluster_odd_one_out_survey/images/trial_0167_A_center_cells.png,/gpfs/radev/home/rj265/project/cluster_odd_one_out_survey/images/trial_0167_A_gen_imgs.png,8,31,distractor,B,8,/gpfs/radev/home/rj265/project/cluster_odd_one_out_survey/images/trial_0167_B_center_cells.png,/gpfs/radev/home/rj265/project/cluster_odd_one_out_survey/images/trial_0167_B_gen_imgs.png,11,26,same_2,/gpfs/radev/home/rj265/project/cluster_odd_one_out_survey/images/trial_0167_C_center_cells.png,/gpfs/radev/home/rj265/project/cluster_odd_one_out_survey/images/trial_0167_C_gen_imgs.png
168,8_12,8,12,8,12,0,center_cells,12,6,distractor,/gpfs/radev/home/rj265/project/cluster_odd_one_out_survey/images/trial_0168_A_center_cells.png,/gpfs/radev/home/rj265/project/cluster_odd_one_out_survey/images/trial_0168_A_gen_imgs.png,8,15,same_2,A,12,/gpfs/radev/home/rj265/project/cluster_odd_one_out_survey/images/trial_0168_B_center_cells.png,/gpfs/radev/home/rj265/project/cluster_odd_one_out_survey/images/trial_0168_B_gen_imgs.png,8,5,same_1,/gpfs/radev/home/rj265/project/cluster_odd_one_out_survey/images/trial_0168_C_center_cells.png,/gpfs/radev/home/rj265/project/cluster_odd_one_out_survey/images/trial_0168_C_gen_imgs.png
169,8_13,8,13,13,8,0,center_cells,8,39,distractor,/gpfs/radev/home/rj265/project/cluster_odd_one_out_survey/images/trial_0169_A_center_cells.png,/gpfs/radev/home/rj265/project/cluster_odd_one_out_survey/images/trial_0169_A_gen_imgs.png,13,28,same_2,A,8,/gpfs/radev/home/rj265/project/cluster_odd_one_out_survey/images/trial_0169_B_center_cells.png,/gpfs/radev/home/rj265/project/cluster_odd_one_out_survey/images/trial_0169_B_gen_imgs.png,13,13,same_1,/gpfs/radev/home/rj265/project/cluster_odd_one_out_survey/images/trial_0169_C_center_cells.png,/gpfs/radev/home/rj265/project/cluster_odd_one_out_survey/images/trial_0169_C_gen_imgs.png
170,8_14,8,14,14,8,0,center_cells,8,11,distractor,/gpfs/radev/home/rj265/project/cluster_odd_one_out_survey/images/trial_0170_A_center_cells.png,/gpfs/radev/home/rj265/project/cluster_odd_one_out_survey/images/trial_0170_A_gen_imgs.png,14,2,same_2,A,8,/gpfs/radev/home/rj265/project/cluster_odd_one_out_survey/images/trial_0170_B_center_cells.png,/gpfs/radev/home/rj265/project/cluster_odd_one_out_survey/images/trial_0170_B_gen_imgs.png,14,25,same_1,/gpfs/radev/home/rj265/project/cluster_odd_one_out_survey/images/trial_0170_C_center_cells.png,/gpfs/radev/home/rj265/project/cluster_odd_one_out_survey/images/trial_0170_C_gen_imgs.png
171,8_15,8,15,8,15,0,center_cells,15,20,distractor,/gpfs/radev/home/rj265/project/cluster_odd_one_out_survey/images/trial_0171_A_center_cells.png,/gpfs/radev/home/rj265/project/cluster_odd_one_out_survey/images/trial_0171_A_gen_imgs.png,8,17,same_1,A,15,/gpfs/radev/home/rj265/project/cluster_odd_one_out_survey/images/trial_0171_B_center_cells.png,/gpfs/radev/home/rj265/project/cluster_odd_one_out_survey/images/trial_0171_B_gen_imgs.png,8,22,same_2,/gpfs/radev/home/rj265/project/cluster_odd_one_out_survey/images/trial_0171_C_center_cells.png,/gpfs/radev/home/rj265/project/cluster_odd_one_out_survey/images/trial_0171_C_gen_imgs.png
172,8_16,8,16,16,8,0,center_cells,8,34,distractor,/gpfs/radev/home/rj265/project/cluster_odd_one_out_survey/images/trial_0172_A_center_cells.png,/gpfs/radev/home/rj265/project/cluster_odd_one_out_survey/images/trial_0172_A_gen_imgs.png,16,39,same_2,A,8,/gpfs/radev/home/rj265/project/cluster_odd_one_out_survey/images/trial_0172_B_center_cells.png,/gpfs/radev/home/rj265/project/cluster_odd_one_out_survey/images/trial_0172_B_gen_imgs.png,16,18,same_1,/gpfs/radev/home/rj265/project/cluster_odd_one_out_survey/images/trial_0172_C_center_cells.png,/gpfs/radev/home/rj265/project/cluster_odd_one_out_survey/images/trial_0172_C_gen_imgs.png
173,8_17,8,17,17,8,0,center_cells,17,32,same_1,/gpfs/radev/home/rj265/project/cluster_odd_one_out_survey/images/trial_0173_A_center_cells.png,/gpfs/radev/home/rj265/project/cluster_odd_one_out_survey/images/trial_0173_A_gen_imgs.png,17,38,same_2,C,8,/gpfs/radev/home/rj265/project/cluster_odd_one_out_survey/images/trial_0173_B_center_cells.png,/gpfs/radev/home/rj265/project/cluster_odd_one_out_survey/images/trial_0173_B_gen_imgs.png,8,29,distractor,/gpfs/radev/home/rj265/project/cluster_odd_one_out_survey/images/trial_0173_C_center_cells.png,/gpfs/radev/home/rj265/project/cluster_odd_one_out_survey/images/trial_0173_C_gen_imgs.png
174,8_18,8,18,8,18,0,center_cells,8,7,same_2,/gpfs/radev/home/rj265/project/cluster_odd_one_out_survey/images/trial_0174_A_center_cells.png,/gpfs/radev/home/rj265/project/cluster_odd_one_out_survey/images/trial_0174_A_gen_imgs.png,8,1,same_1,C,18,/gpfs/radev/home/rj265/project/cluster_odd_one_out_survey/images/trial_0174_B_center_cells.png,/gpfs/radev/home/rj265/project/cluster_odd_one_out_survey/images/trial_0174_B_gen_imgs.png,18,39,distractor,/gpfs/radev/home/rj265/project/cluster_odd_one_out_survey/images/trial_0174_C_center_cells.png,/gpfs/radev/home/rj265/project/cluster_odd_one_out_survey/images/trial_0174_C_gen_imgs.png
175,8_19,8,19,8,19,0,center_cells,19,13,distractor,/gpfs/radev/home/rj265/project/cluster_odd_one_out_survey/images/trial_0175_A_center_cells.png,/gpfs/radev/home/rj265/project/cluster_odd_one_out_survey/images/trial_0175_A_gen_imgs.png,8,26,same_1,A,19,/gpfs/radev/home/rj265/project/cluster_odd_one_out_survey/images/trial_0175_B_center_cells.png,/gpfs/radev/home/rj265/project/cluster_odd_one_out_survey/images/trial_0175_B_gen_imgs.png,8,15,same_2,/gpfs/radev/home/rj265/project/cluster_odd_one_out_survey/images/trial_0175_C_center_cells.png,/gpfs/radev/home/rj265/project/cluster_odd_one_out_survey/images/trial_0175_C_gen_imgs.png
176,8_20,8,20,20,8,0,center_cells,8,3,distractor,/gpfs/radev/home/rj265/project/cluster_odd_one_out_survey/images/trial_0176_A_center_cells.png,/gpfs/radev/home/rj265/project/cluster_odd_one_out_survey/images/trial_0176_A_gen_imgs.png,20,27,same_2,A,8,/gpfs/radev/home/rj265/project/cluster_odd_one_out_survey/images/trial_0176_B_center_cells.png,/gpfs/radev/home/rj265/project/cluster_odd_one_out_survey/images/trial_0176_B_gen_imgs.png,20,32,same_1,/gpfs/radev/home/rj265/project/cluster_odd_one_out_survey/images/trial_0176_C_center_cells.png,/gpfs/radev/home/rj265/project/cluster_odd_one_out_survey/images/trial_0176_C_gen_imgs.png
177,8_21,8,21,21,8,0,center_cells,8,36,distractor,/gpfs/radev/home/rj265/project/cluster_odd_one_out_survey/images/trial_0177_A_center_cells.png,/gpfs/radev/home/rj265/project/cluster_odd_one_out_survey/images/trial_0177_A_gen_imgs.png,21,7,same_1,A,8,/gpfs/radev/home/rj265/project/cluster_odd_one_out_survey/images/trial_0177_B_center_cells.png,/gpfs/radev/home/rj265/project/cluster_odd_one_out_survey/images/trial_0177_B_gen_imgs.png,21,47,same_2,/gpfs/radev/home/rj265/project/cluster_odd_one_out_survey/images/trial_0177_C_center_cells.png,/gpfs/radev/home/rj265/project/cluster_odd_one_out_survey/images/trial_0177_C_gen_imgs.png
178,8_22,8,22,22,8,0,center_cells,8,42,distractor,/gpfs/radev/home/rj265/project/cluster_odd_one_out_survey/images/trial_0178_A_center_cells.png,/gpfs/radev/home/rj265/project/cluster_odd_one_out_survey/images/trial_0178_A_gen_imgs.png,22,45,same_1,A,8,/gpfs/radev/home/rj265/project/cluster_odd_one_out_survey/images/trial_0178_B_center_cells.png,/gpfs/radev/home/rj265/project/cluster_odd_one_out_survey/images/trial_0178_B_gen_imgs.png,22,34,same_2,/gpfs/radev/home/rj265/project/cluster_odd_one_out_survey/images/trial_0178_C_center_cells.png,/gpfs/radev/home/rj265/project/cluster_odd_one_out_survey/images/trial_0178_C_gen_imgs.png
179,8_23,8,23,23,8,0,center_cells,23,15,same_1,/gpfs/radev/home/rj265/project/cluster_odd_one_out_survey/images/trial_0179_A_center_cells.png,/gpfs/radev/home/rj265/project/cluster_odd_one_out_survey/images/trial_0179_A_gen_imgs.png,8,33,distractor,B,8,/gpfs/radev/home/rj265/project/cluster_odd_one_out_survey/images/trial_0179_B_center_cells.png,/gpfs/radev/home/rj265/project/cluster_odd_one_out_survey/images/trial_0179_B_gen_imgs.png,23,4,same_2,/gpfs/radev/home/rj265/project/cluster_odd_one_out_survey/images/trial_0179_C_center_cells.png,/gpfs/radev/home/rj265/project/cluster_odd_one_out_survey/images/trial_0179_C_gen_imgs.png
180,8_24,8,24,8,24,0,center_cells,8,30,same_2,/gpfs/radev/home/rj265/project/cluster_odd_one_out_survey/images/trial_0180_A_center_cells.png,/gpfs/radev/home/rj265/project/cluster_odd_one_out_survey/images/trial_0180_A_gen_imgs.png,8,40,same_1,C,24,/gpfs/radev/home/rj265/project/cluster_odd_one_out_survey/images/trial_0180_B_center_cells.png,/gpfs/radev/home/rj265/project/cluster_odd_one_out_survey/images/trial_0180_B_gen_imgs.png,24,18,distractor,/gpfs/radev/home/rj265/project/cluster_odd_one_out_survey/images/trial_0180_C_center_cells.png,/gpfs/radev/home/rj265/project/cluster_odd_one_out_survey/images/trial_0180_C_gen_imgs.png
181,9_10,9,10,9,10,0,center_cells,9,0,same_1,/gpfs/radev/home/rj265/project/cluster_odd_one_out_survey/images/trial_0181_A_center_cells.png,/gpfs/radev/home/rj265/project/cluster_odd_one_out_survey/images/trial_0181_A_gen_imgs.png,10,32,distractor,B,10,/gpfs/radev/home/rj265/project/cluster_odd_one_out_survey/images/trial_0181_B_center_cells.png,/gpfs/radev/home/rj265/project/cluster_odd_one_out_survey/images/trial_0181_B_gen_imgs.png,9,35,same_2,/gpfs/radev/home/rj265/project/cluster_odd_one_out_survey/images/trial_0181_C_center_cells.png,/gpfs/radev/home/rj265/project/cluster_odd_one_out_survey/images/trial_0181_C_gen_imgs.png
182,9_11,9,11,11,9,0,center_cells,11,8,same_2,/gpfs/radev/home/rj265/project/cluster_odd_one_out_survey/images/trial_0182_A_center_cells.png,/gpfs/radev/home/rj265/project/cluster_odd_one_out_survey/images/trial_0182_A_gen_imgs.png,9,25,distractor,B,9,/gpfs/radev/home/rj265/project/cluster_odd_one_out_survey/images/trial_0182_B_center_cells.png,/gpfs/radev/home/rj265/project/cluster_odd_one_out_survey/images/trial_0182_B_gen_imgs.png,11,1,same_1,/gpfs/radev/home/rj265/project/cluster_odd_one_out_survey/images/trial_0182_C_center_cells.png,/gpfs/radev/home/rj265/project/cluster_odd_one_out_survey/images/trial_0182_C_gen_imgs.png
183,9_12,9,12,12,9,0,center_cells,9,48,distractor,/gpfs/radev/home/rj265/project/cluster_odd_one_out_survey/images/trial_0183_A_center_cells.png,/gpfs/radev/home/rj265/project/cluster_odd_one_out_survey/images/trial_0183_A_gen_imgs.png,12,8,same_2,A,9,/gpfs/radev/home/rj265/project/cluster_odd_one_out_survey/images/trial_0183_B_center_cells.png,/gpfs/radev/home/rj265/project/cluster_odd_one_out_survey/images/trial_0183_B_gen_imgs.png,12,4,same_1,/gpfs/radev/home/rj265/project/cluster_odd_one_out_survey/images/trial_0183_C_center_cells.png,/gpfs/radev/home/rj265/project/cluster_odd_one_out_survey/images/trial_0183_C_gen_imgs.png
184,9_13,9,13,13,9,0,center_cells,13,13,same_2,/gpfs/radev/home/rj265/project/cluster_odd_one_out_survey/images/trial_0184_A_center_cells.png,/gpfs/radev/home/rj265/project/cluster_odd_one_out_survey/images/trial_0184_A_gen_imgs.png,13,44,same_1,C,9,/gpfs/radev/home/rj265/project/cluster_odd_one_out_survey/images/trial_0184_B_center_cells.png,/gpfs/radev/home/rj265/project/cluster_odd_one_out_survey/images/trial_0184_B_gen_imgs.png,9,15,distractor,/gpfs/radev/home/rj265/project/cluster_odd_one_out_survey/images/trial_0184_C_center_cells.png,/gpfs/radev/home/rj265/project/cluster_odd_one_out_survey/images/trial_0184_C_gen_imgs.png
185,9_14,9,14,14,9,0,center_cells,14,24,same_2,/gpfs/radev/home/rj265/project/cluster_odd_one_out_survey/images/trial_0185_A_center_cells.png,/gpfs/radev/home/rj265/project/cluster_odd_one_out_survey/images/trial_0185_A_gen_imgs.png,14,48,same_1,C,9,/gpfs/radev/home/rj265/project/cluster_odd_one_out_survey/images/trial_0185_B_center_cells.png,/gpfs/radev/home/rj265/project/cluster_odd_one_out_survey/images/trial_0185_B_gen_imgs.png,9,22,distractor,/gpfs/radev/home/rj265/project/cluster_odd_one_out_survey/images/trial_0185_C_center_cells.png,/gpfs/radev/home/rj265/project/cluster_odd_one_out_survey/images/trial_0185_C_gen_imgs.png
186,9_15,9,15,15,9,0,center_cells,15,6,same_1,/gpfs/radev/home/rj265/project/cluster_odd_one_out_survey/images/trial_0186_A_center_cells.png,/gpfs/radev/home/rj265/project/cluster_odd_one_out_survey/images/trial_0186_A_gen_imgs.png,15,39,same_2,C,9,/gpfs/radev/home/rj265/project/cluster_odd_one_out_survey/images/trial_0186_B_center_cells.png,/gpfs/radev/home/rj265/project/cluster_odd_one_out_survey/images/trial_0186_B_gen_imgs.png,9,1,distractor,/gpfs/radev/home/rj265/project/cluster_odd_one_out_survey/images/trial_0186_C_center_cells.png,/gpfs/radev/home/rj265/project/cluster_odd_one_out_survey/images/trial_0186_C_gen_imgs.png
187,9_16,9,16,9,16,0,center_cells,9,0,same_2,/gpfs/radev/home/rj265/project/cluster_odd_one_out_survey/images/trial_0187_A_center_cells.png,/gpfs/radev/home/rj265/project/cluster_odd_one_out_survey/images/trial_0187_A_gen_imgs.png,9,19,same_1,C,16,/gpfs/radev/home/rj265/project/cluster_odd_one_out_survey/images/trial_0187_B_center_cells.png,/gpfs/radev/home/rj265/project/cluster_odd_one_out_survey/images/trial_0187_B_gen_imgs.png,16,14,distractor,/gpfs/radev/home/rj265/project/cluster_odd_one_out_survey/images/trial_0187_C_center_cells.png,/gpfs/radev/home/rj265/project/cluster_odd_one_out_survey/images/trial_0187_C_gen_imgs.png
188,9_17,9,17,17,9,0,center_cells,17,31,same_1,/gpfs/radev/home/rj265/project/cluster_odd_one_out_survey/images/trial_0188_A_center_cells.png,/gpfs/radev/home/rj265/project/cluster_odd_one_out_survey/images/trial_0188_A_gen_imgs.png,17,47,same_2,C,9,/gpfs/radev/home/rj265/project/cluster_odd_one_out_survey/images/trial_0188_B_center_cells.png,/gpfs/radev/home/rj265/project/cluster_odd_one_out_survey/images/trial_0188_B_gen_imgs.png,9,30,distractor,/gpfs/radev/home/rj265/project/cluster_odd_one_out_survey/images/trial_0188_C_center_cells.png,/gpfs/radev/home/rj265/project/cluster_odd_one_out_survey/images/trial_0188_C_gen_imgs.png
189,9_18,9,18,18,9,0,center_cells,18,5,same_1,/gpfs/radev/home/rj265/project/cluster_odd_one_out_survey/images/trial_0189_A_center_cells.png,/gpfs/radev/home/rj265/project/cluster_odd_one_out_survey/images/trial_0189_A_gen_imgs.png,18,16,same_2,C,9,/gpfs/radev/home/rj265/project/cluster_odd_one_out_survey/images/trial_0189_B_center_cells.png,/gpfs/radev/home/rj265/project/cluster_odd_one_out_survey/images/trial_0189_B_gen_imgs.png,9,8,distractor,/gpfs/radev/home/rj265/project/cluster_odd_one_out_survey/images/trial_0189_C_center_cells.png,/gpfs/radev/home/rj265/project/cluster_odd_one_out_survey/images/trial_0189_C_gen_imgs.png
190,9_19,9,19,19,9,0,center_cells,19,18,same_2,/gpfs/radev/home/rj265/project/cluster_odd_one_out_survey/images/trial_0190_A_center_cells.png,/gpfs/radev/home/rj265/project/cluster_odd_one_out_survey/images/trial_0190_A_gen_imgs.png,9,24,distractor,B,9,/gpfs/radev/home/rj265/project/cluster_odd_one_out_survey/images/trial_0190_B_center_cells.png,/gpfs/radev/home/rj265/project/cluster_odd_one_out_survey/images/trial_0190_B_gen_imgs.png,19,20,same_1,/gpfs/radev/home/rj265/project/cluster_odd_one_out_survey/images/trial_0190_C_center_cells.png,/gpfs/radev/home/rj265/project/cluster_odd_one_out_survey/images/trial_0190_C_gen_imgs.png
191,9_20,9,20,9,20,0,center_cells,9,46,same_1,/gpfs/radev/home/rj265/project/cluster_odd_one_out_survey/images/trial_0191_A_center_cells.png,/gpfs/radev/home/rj265/project/cluster_odd_one_out_survey/images/trial_0191_A_gen_imgs.png,20,15,distractor,B,20,/gpfs/radev/home/rj265/project/cluster_odd_one_out_survey/images/trial_0191_B_center_cells.png,/gpfs/radev/home/rj265/project/cluster_odd_one_out_survey/images/trial_0191_B_gen_imgs.png,9,47,same_2,/gpfs/radev/home/rj265/project/cluster_odd_one_out_survey/images/trial_0191_C_center_cells.png,/gpfs/radev/home/rj265/project/cluster_odd_one_out_survey/images/trial_0191_C_gen_imgs.png
192,9_21,9,21,21,9,0,center_cells,9,16,distractor,/gpfs/radev/home/rj265/project/cluster_odd_one_out_survey/images/trial_0192_A_center_cells.png,/gpfs/radev/home/rj265/project/cluster_odd_one_out_survey/images/trial_0192_A_gen_imgs.png,21,42,same_1,A,9,/gpfs/radev/home/rj265/project/cluster_odd_one_out_survey/images/trial_0192_B_center_cells.png,/gpfs/radev/home/rj265/project/cluster_odd_one_out_survey/images/trial_0192_B_gen_imgs.png,21,14,same_2,/gpfs/radev/home/rj265/project/cluster_odd_one_out_survey/images/trial_0192_C_center_cells.png,/gpfs/radev/home/rj265/project/cluster_odd_one_out_survey/images/trial_0192_C_gen_imgs.png
193,9_22,9,22,9,22,0,center_cells,9,36,same_2,/gpfs/radev/home/rj265/project/cluster_odd_one_out_survey/images/trial_0193_A_center_cells.png,/gpfs/radev/home/rj265/project/cluster_odd_one_out_survey/images/trial_0193_A_gen_imgs.png,22,34,distractor,B,22,/gpfs/radev/home/rj265/project/cluster_odd_one_out_survey/images/trial_0193_B_center_cells.png,/gpfs/radev/home/rj265/project/cluster_odd_one_out_survey/images/trial_0193_B_gen_imgs.png,9,22,same_1,/gpfs/radev/home/rj265/project/cluster_odd_one_out_survey/images/trial_0193_C_center_cells.png,/gpfs/radev/home/rj265/project/cluster_odd_one_out_survey/images/trial_0193_C_gen_imgs.png
194,9_23,9,23,9,23,0,center_cells,9,40,same_2,/gpfs/radev/home/rj265/project/cluster_odd_one_out_survey/images/trial_0194_A_center_cells.png,/gpfs/radev/home/rj265/project/cluster_odd_one_out_survey/images/trial_0194_A_gen_imgs.png,23,3,distractor,B,23,/gpfs/radev/home/rj265/project/cluster_odd_one_out_survey/images/trial_0194_B_center_cells.png,/gpfs/radev/home/rj265/project/cluster_odd_one_out_survey/images/trial_0194_B_gen_imgs.png,9,31,same_1,/gpfs/radev/home/rj265/project/cluster_odd_one_out_survey/images/trial_0194_C_center_cells.png,/gpfs/radev/home/rj265/project/cluster_odd_one_out_survey/images/trial_0194_C_gen_imgs.png
195,9_24,9,24,9,24,0,center_cells,9,41,same_2,/gpfs/radev/home/rj265/project/cluster_odd_one_out_survey/images/trial_0195_A_center_cells.png,/gpfs/radev/home/rj265/project/cluster_odd_one_out_survey/images/trial_0195_A_gen_imgs.png,24,20,distractor,B,24,/gpfs/radev/home/rj265/project/cluster_odd_one_out_survey/images/trial_0195_B_center_cells.png,/gpfs/radev/home/rj265/project/cluster_odd_one_out_survey/images/trial_0195_B_gen_imgs.png,9,14,same_1,/gpfs/radev/home/rj265/project/cluster_odd_one_out_survey/images/trial_0195_C_center_cells.png,/gpfs/radev/home/rj265/project/cluster_odd_one_out_survey/images/trial_0195_C_gen_imgs.png
196,10_11,10,11,10,11,0,center_cells,11,8,distractor,/gpfs/radev/home/rj265/project/cluster_odd_one_out_survey/images/trial_0196_A_center_cells.png,/gpfs/radev/home/rj265/project/cluster_odd_one_out_survey/images/trial_0196_A_gen_imgs.png,10,27,same_2,A,11,/gpfs/radev/home/rj265/project/cluster_odd_one_out_survey/images/trial_0196_B_center_cells.png,/gpfs/radev/home/rj265/project/cluster_odd_one_out_survey/images/trial_0196_B_gen_imgs.png,10,42,same_1,/gpfs/radev/home/rj265/project/cluster_odd_one_out_survey/images/trial_0196_C_center_cells.png,/gpfs/radev/home/rj265/project/cluster_odd_one_out_survey/images/trial_0196_C_gen_imgs.png
197,10_12,10,12,10,12,0,center_cells,10,22,same_1,/gpfs/radev/home/rj265/project/cluster_odd_one_out_survey/images/trial_0197_A_center_cells.png,/gpfs/radev/home/rj265/project/cluster_odd_one_out_survey/images/trial_0197_A_gen_imgs.png,10,19,same_2,C,12,/gpfs/radev/home/rj265/project/cluster_odd_one_out_survey/images/trial_0197_B_center_cells.png,/gpfs/radev/home/rj265/project/cluster_odd_one_out_survey/images/trial_0197_B_gen_imgs.png,12,11,distractor,/gpfs/radev/home/rj265/project/cluster_odd_one_out_survey/images/trial_0197_C_center_cells.png,/gpfs/radev/home/rj265/project/cluster_odd_one_out_survey/images/trial_0197_C_gen_imgs.png
198,10_13,10,13,13,10,0,center_cells,10,24,distractor,/gpfs/radev/home/rj265/project/cluster_odd_one_out_survey/images/trial_0198_A_center_cells.png,/gpfs/radev/home/rj265/project/cluster_odd_one_out_survey/images/trial_0198_A_gen_imgs.png,13,26,same_2,A,10,/gpfs/radev/home/rj265/project/cluster_odd_one_out_survey/images/trial_0198_B_center_cells.png,/gpfs/radev/home/rj265/project/cluster_odd_one_out_survey/images/trial_0198_B_gen_imgs.png,13,47,same_1,/gpfs/radev/home/rj265/project/cluster_odd_one_out_survey/images/trial_0198_C_center_cells.png,/gpfs/radev/home/rj265/project/cluster_odd_one_out_survey/images/trial_0198_C_gen_imgs.png
199,10_14,10,14,14,10,0,center_cells,14,34,same_1,/gpfs/radev/home/rj265/project/cluster_odd_one_out_survey/images/trial_0199_A_center_cells.png,/gpfs/radev/home/rj265/project/cluster_odd_one_out_survey/images/trial_0199_A_gen_imgs.png,14,47,same_2,C,10,/gpfs/radev/home/rj265/project/cluster_odd_one_out_survey/images/trial_0199_B_center_cells.png,/gpfs/radev/home/rj265/project/cluster_odd_one_out_survey/images/trial_0199_B_gen_imgs.png,10,43,distractor,/gpfs/radev/home/rj265/project/cluster_odd_one_out_survey/images/trial_0199_C_center_cells.png,/gpfs/radev/home/rj265/project/cluster_odd_one_out_survey/images/trial_0199_C_gen_imgs.png
200,10_15,10,15,15,10,0,center_cells,10,26,distractor,/gpfs/radev/home/rj265/project/cluster_odd_one_out_survey/images/trial_0200_A_center_cells.png,/gpfs/radev/home/rj265/project/cluster_odd_one_out_survey/images/trial_0200_A_gen_imgs.png,15,36,same_1,A,10,/gpfs/radev/home/rj265/project/cluster_odd_one_out_survey/images/trial_0200_B_center_cells.png,/gpfs/radev/home/rj265/project/cluster_odd_one_out_survey/images/trial_0200_B_gen_imgs.png,15,7,same_2,/gpfs/radev/home/rj265/project/cluster_odd_one_out_survey/images/trial_0200_C_center_cells.png,/gpfs/radev/home/rj265/project/cluster_odd_one_out_survey/images/trial_0200_C_gen_imgs.png
201,10_16,10,16,10,16,0,center_cells,10,39,same_2,/gpfs/radev/home/rj265/project/cluster_odd_one_out_survey/images/trial_0201_A_center_cells.png,/gpfs/radev/home/rj265/project/cluster_odd_one_out_survey/images/trial_0201_A_gen_imgs.png,10,8,same_1,C,16,/gpfs/radev/home/rj265/project/cluster_odd_one_out_survey/images/trial_0201_B_center_cells.png,/gpfs/radev/home/rj265/project/cluster_odd_one_out_survey/images/trial_0201_B_gen_imgs.png,16,42,distractor,/gpfs/radev/home/rj265/project/cluster_odd_one_out_survey/images/trial_0201_C_center_cells.png,/gpfs/radev/home/rj265/project/cluster_odd_one_out_survey/images/trial_0201_C_gen_imgs.png
202,10_17,10,17,10,17,0,center_cells,10,11,same_2,/gpfs/radev/home/rj265/project/cluster_odd_one_out_survey/images/trial_0202_A_center_cells.png,/gpfs/radev/home/rj265/project/cluster_odd_one_out_survey/images/trial_0202_A_gen_imgs.png,17,15,distractor,B,17,/gpfs/radev/home/rj265/project/cluster_odd_one_out_survey/images/trial_0202_B_center_cells.png,/gpfs/radev/home/rj265/project/cluster_odd_one_out_survey/images/trial_0202_B_gen_imgs.png,10,15,same_1,/gpfs/radev/home/rj265/project/cluster_odd_one_out_survey/images/trial_0202_C_center_cells.png,/gpfs/radev/home/rj265/project/cluster_odd_one_out_survey/images/trial_0202_C_gen_imgs.png
203,10_18,10,18,18,10,0,center_cells,18,35,same_2,/gpfs/radev/home/rj265/project/cluster_odd_one_out_survey/images/trial_0203_A_center_cells.png,/gpfs/radev/home/rj265/project/cluster_odd_one_out_survey/images/trial_0203_A_gen_imgs.png,18,43,same_1,C,10,/gpfs/radev/home/rj265/project/cluster_odd_one_out_survey/images/trial_0203_B_center_cells.png,/gpfs/radev/home/rj265/project/cluster_odd_one_out_survey/images/trial_0203_B_gen_imgs.png,10,10,distractor,/gpfs/radev/home/rj265/project/cluster_odd_one_out_survey/images/trial_0203_C_center_cells.png,/gpfs/radev/home/rj265/project/cluster_odd_one_out_survey/images/trial_0203_C_gen_imgs.png
204,10_19,10,19,10,19,0,center_cells,10,38,same_1,/gpfs/radev/home/rj265/project/cluster_odd_one_out_survey/images/trial_0204_A_center_cells.png,/gpfs/radev/home/rj265/project/cluster_odd_one_out_survey/images/trial_0204_A_gen_imgs.png,10,6,same_2,C,19,/gpfs/radev/home/rj265/project/cluster_odd_one_out_survey/images/trial_0204_B_center_cells.png,/gpfs/radev/home/rj265/project/cluster_odd_one_out_survey/images/trial_0204_B_gen_imgs.png,19,39,distractor,/gpfs/radev/home/rj265/project/cluster_odd_one_out_survey/images/trial_0204_C_center_cells.png,/gpfs/radev/home/rj265/project/cluster_odd_one_out_survey/images/trial_0204_C_gen_imgs.png
205,10_20,10,20,20,10,0,center_cells,20,39,same_1,/gpfs/radev/home/rj265/project/cluster_odd_one_out_survey/images/trial_0205_A_center_cells.png,/gpfs/radev/home/rj265/project/cluster_odd_one_out_survey/images/trial_0205_A_gen_imgs.png,10,2,distractor,B,10,/gpfs/radev/home/rj265/project/cluster_odd_one_out_survey/images/trial_0205_B_center_cells.png,/gpfs/radev/home/rj265/project/cluster_odd_one_out_survey/images/trial_0205_B_gen_imgs.png,20,38,same_2,/gpfs/radev/home/rj265/project/cluster_odd_one_out_survey/images/trial_0205_C_center_cells.png,/gpfs/radev/home/rj265/project/cluster_odd_one_out_survey/images/trial_0205_C_gen_imgs.png
206,10_21,10,21,21,10,0,center_cells,21,24,same_2,/gpfs/radev/home/rj265/project/cluster_odd_one_out_survey/images/trial_0206_A_center_cells.png,/gpfs/radev/home/rj265/project/cluster_odd_one_out_survey/images/trial_0206_A_gen_imgs.png,21,46,same_1,C,10,/gpfs/radev/home/rj265/project/cluster_odd_one_out_survey/images/trial_0206_B_center_cells.png,/gpfs/radev/home/rj265/project/cluster_odd_one_out_survey/images/trial_0206_B_gen_imgs.png,10,1,distractor,/gpfs/radev/home/rj265/project/cluster_odd_one_out_survey/images/trial_0206_C_center_cells.png,/gpfs/radev/home/rj265/project/cluster_odd_one_out_survey/images/trial_0206_C_gen_imgs.png
207,10_22,10,22,10,22,0,center_cells,22,42,distractor,/gpfs/radev/home/rj265/project/cluster_odd_one_out_survey/images/trial_0207_A_center_cells.png,/gpfs/radev/home/rj265/project/cluster_odd_one_out_survey/images/trial_0207_A_gen_imgs.png,10,18,same_2,A,22,/gpfs/radev/home/rj265/project/cluster_odd_one_out_survey/images/trial_0207_B_center_cells.png,/gpfs/radev/home/rj265/project/cluster_odd_one_out_survey/images/trial_0207_B_gen_imgs.png,10,22,same_1,/gpfs/radev/home/rj265/project/cluster_odd_one_out_survey/images/trial_0207_C_center_cells.png,/gpfs/radev/home/rj265/project/cluster_odd_one_out_survey/images/trial_0207_C_gen_imgs.png
208,10_23,10,23,10,23,0,center_cells,10,22,same_1,/gpfs/radev/home/rj265/project/cluster_odd_one_out_survey/images/trial_0208_A_center_cells.png,/gpfs/radev/home/rj265/project/cluster_odd_one_out_survey/images/trial_0208_A_gen_imgs.png,23,47,distractor,B,23,/gpfs/radev/home/rj265/project/cluster_odd_one_out_survey/images/trial_0208_B_center_cells.png,/gpfs/radev/home/rj265/project/cluster_odd_one_out_survey/images/trial_0208_B_gen_imgs.png,10,10,same_2,/gpfs/radev/home/rj265/project/cluster_odd_one_out_survey/images/trial_0208_C_center_cells.png,/gpfs/radev/home/rj265/project/cluster_odd_one_out_survey/images/trial_0208_C_gen_imgs.png
209,10_24,10,24,10,24,0,center_cells,10,31,same_1,/gpfs/radev/home/rj265/project/cluster_odd_one_out_survey/images/trial_0209_A_center_cells.png,/gpfs/radev/home/rj265/project/cluster_odd_one_out_survey/images/trial_0209_A_gen_imgs.png,24,0,distractor,B,24,/gpfs/radev/home/rj265/project/cluster_odd_one_out_survey/images/trial_0209_B_center_cells.png,/gpfs/radev/home/rj265/project/cluster_odd_one_out_survey/images/trial_0209_B_gen_imgs.png,10,25,same_2,/gpfs/radev/home/rj265/project/cluster_odd_one_out_survey/images/trial_0209_C_center_cells.png,/gpfs/radev/home/rj265/project/cluster_odd_one_out_survey/images/trial_0209_C_gen_imgs.png
210,11_12,11,12,12,11,0,center_cells,12,2,same_1,/gpfs/radev/home/rj265/project/cluster_odd_one_out_survey/images/trial_0210_A_center_cells.png,/gpfs/radev/home/rj265/project/cluster_odd_one_out_survey/images/trial_0210_A_gen_imgs.png,12,49,same_2,C,11,/gpfs/radev/home/rj265/project/cluster_odd_one_out_survey/images/trial_0210_B_center_cells.png,/gpfs/radev/home/rj265/project/cluster_odd_one_out_survey/images/trial_0210_B_gen_imgs.png,11,34,distractor,/gpfs/radev/home/rj265/project/cluster_odd_one_out_survey/images/trial_0210_C_center_cells.png,/gpfs/radev/home/rj265/project/cluster_odd_one_out_survey/images/trial_0210_C_gen_imgs.png
211,11_13,11,13,13,11,0,center_cells,13,29,same_2,/gpfs/radev/home/rj265/project/cluster_odd_one_out_survey/images/trial_0211_A_center_cells.png,/gpfs/radev/home/rj265/project/cluster_odd_one_out_survey/images/trial_0211_A_gen_imgs.png,13,2,same_1,C,11,/gpfs/radev/home/rj265/project/cluster_odd_one_out_survey/images/trial_0211_B_center_cells.png,/gpfs/radev/home/rj265/project/cluster_odd_one_out_survey/images/trial_0211_B_gen_imgs.png,11,25,distractor,/gpfs/radev/home/rj265/project/cluster_odd_one_out_survey/images/trial_0211_C_center_cells.png,/gpfs/radev/home/rj265/project/cluster_odd_one_out_survey/images/trial_0211_C_gen_imgs.png
212,11_14,11,14,11,14,0,center_cells,14,1,distractor,/gpfs/radev/home/rj265/project/cluster_odd_one_out_survey/images/trial_0212_A_center_cells.png,/gpfs/radev/home/rj265/project/cluster_odd_one_out_survey/images/trial_0212_A_gen_imgs.png,11,31,same_1,A,14,/gpfs/radev/home/rj265/project/cluster_odd_one_out_survey/images/trial_0212_B_center_cells.png,/gpfs/radev/home/rj265/project/cluster_odd_one_out_survey/images/trial_0212_B_gen_imgs.png,11,3,same_2,/gpfs/radev/home/rj265/project/cluster_odd_one_out_survey/images/trial_0212_C_center_cells.png,/gpfs/radev/home/rj265/project/cluster_odd_one_out_survey/images/trial_0212_C_gen_imgs.png
213,11_15,11,15,11,15,0,center_cells,15,44,distractor,/gpfs/radev/home/rj265/project/cluster_odd_one_out_survey/images/trial_0213_A_center_cells.png,/gpfs/radev/home/rj265/project/cluster_odd_one_out_survey/images/trial_0213_A_gen_imgs.png,11,43,same_1,A,15,/gpfs/radev/home/rj265/project/cluster_odd_one_out_survey/images/trial_0213_B_center_cells.png,/gpfs/radev/home/rj265/project/cluster_odd_one_out_survey/images/trial_0213_B_gen_imgs.png,11,37,same_2,/gpfs/radev/home/rj265/project/cluster_odd_one_out_survey/images/trial_0213_C_center_cells.png,/gpfs/radev/home/rj265/project/cluster_odd_one_out_survey/images/trial_0213_C_gen_imgs.png
214,11_16,11,16,16,11,0,center_cells,11,24,distractor,/gpfs/radev/home/rj265/project/cluster_odd_one_out_survey/images/trial_0214_A_center_cells.png,/gpfs/radev/home/rj265/project/cluster_odd_one_out_survey/images/trial_0214_A_gen_imgs.png,16,33,same_1,A,11,/gpfs/radev/home/rj265/project/cluster_odd_one_out_survey/images/trial_0214_B_center_cells.png,/gpfs/radev/home/rj265/project/cluster_odd_one_out_survey/images/trial_0214_B_gen_imgs.png,16,21,same_2,/gpfs/radev/home/rj265/project/cluster_odd_one_out_survey/images/trial_0214_C_center_cells.png,/gpfs/radev/home/rj265/project/cluster_odd_one_out_survey/images/trial_0214_C_gen_imgs.png
215,11_17,11,17,11,17,0,center_cells,11,21,same_1,/gpfs/radev/home/rj265/project/cluster_odd_one_out_survey/images/trial_0215_A_center_cells.png,/gpfs/radev/home/rj265/project/cluster_odd_one_out_survey/images/trial_0215_A_gen_imgs.png,11,15,same_2,C,17,/gpfs/radev/home/rj265/project/cluster_odd_one_out_survey/images/trial_0215_B_center_cells.png,/gpfs/radev/home/rj265/project/cluster_odd_one_out_survey/images/trial_0215_B_gen_imgs.png,17,37,distractor,/gpfs/radev/home/rj265/project/cluster_odd_one_out_survey/images/trial_0215_C_center_cells.png,/gpfs/radev/home/rj265/project/cluster_odd_one_out_survey/images/trial_0215_C_gen_imgs.png
216,11_18,11,18,11,18,0,center_cells,11,21,same_2,/gpfs/radev/home/rj265/project/cluster_odd_one_out_survey/images/trial_0216_A_center_cells.png,/gpfs/radev/home/rj265/project/cluster_odd_one_out_survey/images/trial_0216_A_gen_imgs.png,18,47,distractor,B,18,/gpfs/radev/home/rj265/project/cluster_odd_one_out_survey/images/trial_0216_B_center_cells.png,/gpfs/radev/home/rj265/project/cluster_odd_one_out_survey/images/trial_0216_B_gen_imgs.png,11,9,same_1,/gpfs/radev/home/rj265/project/cluster_odd_one_out_survey/images/trial_0216_C_center_cells.png,/gpfs/radev/home/rj265/project/cluster_odd_one_out_survey/images/trial_0216_C_gen_imgs.png
217,11_19,11,19,19,11,0,center_cells,19,22,same_1,/gpfs/radev/home/rj265/project/cluster_odd_one_out_survey/images/trial_0217_A_center_cells.png,/gpfs/radev/home/rj265/project/cluster_odd_one_out_survey/images/trial_0217_A_gen_imgs.png,19,23,same_2,C,11,/gpfs/radev/home/rj265/project/cluster_odd_one_out_survey/images/trial_0217_B_center_cells.png,/gpfs/radev/home/rj265/project/cluster_odd_one_out_survey/images/trial_0217_B_gen_imgs.png,11,18,distractor,/gpfs/radev/home/rj265/project/cluster_odd_one_out_survey/images/trial_0217_C_center_cells.png,/gpfs/radev/home/rj265/project/cluster_odd_one_out_survey/images/trial_0217_C_gen_imgs.png
218,11_20,11,20,11,20,0,center_cells,11,38,same_2,/gpfs/radev/home/rj265/project/cluster_odd_one_out_survey/images/trial_0218_A_center_cells.png,/gpfs/radev/home/rj265/project/cluster_odd_one_out_survey/images/trial_0218_A_gen_imgs.png,20,27,distractor,B,20,/gpfs/radev/home/rj265/project/cluster_odd_one_out_survey/images/trial_0218_B_center_cells.png,/gpfs/radev/home/rj265/project/cluster_odd_one_out_survey/images/trial_0218_B_gen_imgs.png,11,25,same_1,/gpfs/radev/home/rj265/project/cluster_odd_one_out_survey/images/trial_0218_C_center_cells.png,/gpfs/radev/home/rj265/project/cluster_odd_one_out_survey/images/trial_0218_C_gen_imgs.png
219,11_21,11,21,21,11,0,center_cells,11,28,distractor,/gpfs/radev/home/rj265/project/cluster_odd_one_out_survey/images/trial_0219_A_center_cells.png,/gpfs/radev/home/rj265/project/cluster_odd_one_out_survey/images/trial_0219_A_gen_imgs.png,21,2,same_2,A,11,/gpfs/radev/home/rj265/project/cluster_odd_one_out_survey/images/trial_0219_B_center_cells.png,/gpfs/radev/home/rj265/project/cluster_odd_one_out_survey/images/trial_0219_B_gen_imgs.png,21,36,same_1,/gpfs/radev/home/rj265/project/cluster_odd_one_out_survey/images/trial_0219_C_center_cells.png,/gpfs/radev/home/rj265/project/cluster_odd_one_out_survey/images/trial_0219_C_gen_imgs.png
220,11_22,11,22,22,11,0,center_cells,22,46,same_1,/gpfs/radev/home/rj265/project/cluster_odd_one_out_survey/images/trial_0220_A_center_cells.png,/gpfs/radev/home/rj265/project/cluster_odd_one_out_survey/images/trial_0220_A_gen_imgs.png,22,30,same_2,C,11,/gpfs/radev/home/rj265/project/cluster_odd_one_out_survey/images/trial_0220_B_center_cells.png,/gpfs/radev/home/rj265/project/cluster_odd_one_out_survey/images/trial_0220_B_gen_imgs.png,11,42,distractor,/gpfs/radev/home/rj265/project/cluster_odd_one_out_survey/images/trial_0220_C_center_cells.png,/gpfs/radev/home/rj265/project/cluster_odd_one_out_survey/images/trial_0220_C_gen_imgs.png
221,11_23,11,23,23,11,0,center_cells,23,12,same_1,/gpfs/radev/home/rj265/project/cluster_odd_one_out_survey/images/trial_0221_A_center_cells.png,/gpfs/radev/home/rj265/project/cluster_odd_one_out_survey/images/trial_0221_A_gen_imgs.png,11,35,distractor,B,11,/gpfs/radev/home/rj265/project/cluster_odd_one_out_survey/images/trial_0221_B_center_cells.png,/gpfs/radev/home/rj265/project/cluster_odd_one_out_survey/images/trial_0221_B_gen_imgs.png,23,4,same_2,/gpfs/radev/home/rj265/project/cluster_odd_one_out_survey/images/trial_0221_C_center_cells.png,/gpfs/radev/home/rj265/project/cluster_odd_one_out_survey/images/trial_0221_C_gen_imgs.png
222,11_24,11,24,24,11,0,center_cells,24,33,same_2,/gpfs/radev/home/rj265/project/cluster_odd_one_out_survey/images/trial_0222_A_center_cells.png,/gpfs/radev/home/rj265/project/cluster_odd_one_out_survey/images/trial_0222_A_gen_imgs.png,11,10,distractor,B,11,/gpfs/radev/home/rj265/project/cluster_odd_one_out_survey/images/trial_0222_B_center_cells.png,/gpfs/radev/home/rj265/project/cluster_odd_one_out_survey/images/trial_0222_B_gen_imgs.png,24,11,same_1,/gpfs/radev/home/rj265/project/cluster_odd_one_out_survey/images/trial_0222_C_center_cells.png,/gpfs/radev/home/rj265/project/cluster_odd_one_out_survey/images/trial_0222_C_gen_imgs.png
223,12_13,12,13,13,12,0,center_cells,13,32,same_1,/gpfs/radev/home/rj265/project/cluster_odd_one_out_survey/images/trial_0223_A_center_cells.png,/gpfs/radev/home/rj265/project/cluster_odd_one_out_survey/images/trial_0223_A_gen_imgs.png,13,40,same_2,C,12,/gpfs/radev/home/rj265/project/cluster_odd_one_out_survey/images/trial_0223_B_center_cells.png,/gpfs/radev/home/rj265/project/cluster_odd_one_out_survey/images/trial_0223_B_gen_imgs.png,12,34,distractor,/gpfs/radev/home/rj265/project/cluster_odd_one_out_survey/images/trial_0223_C_center_cells.png,/gpfs/radev/home/rj265/project/cluster_odd_one_out_survey/images/trial_0223_C_gen_imgs.png
224,12_14,12,14,14,12,0,center_cells,12,18,distractor,/gpfs/radev/home/rj265/project/cluster_odd_one_out_survey/images/trial_0224_A_center_cells.png,/gpfs/radev/home/rj265/project/cluster_odd_one_out_survey/images/trial_0224_A_gen_imgs.png,14,19,same_2,A,12,/gpfs/radev/home/rj265/project/cluster_odd_one_out_survey/images/trial_0224_B_center_cells.png,/gpfs/radev/home/rj265/project/cluster_odd_one_out_survey/images/trial_0224_B_gen_imgs.png,14,17,same_1,/gpfs/radev/home/rj265/project/cluster_odd_one_out_survey/images/trial_0224_C_center_cells.png,/gpfs/radev/home/rj265/project/cluster_odd_one_out_survey/images/trial_0224_C_gen_imgs.png
225,12_15,12,15,15,12,0,center_cells,15,45,same_1,/gpfs/radev/home/rj265/project/cluster_odd_one_out_survey/images/trial_0225_A_center_cells.png,/gpfs/radev/home/rj265/project/cluster_odd_one_out_survey/images/trial_0225_A_gen_imgs.png,15,17,same_2,C,12,/gpfs/radev/home/rj265/project/cluster_odd_one_out_survey/images/trial_0225_B_center_cells.png,/gpfs/radev/home/rj265/project/cluster_odd_one_out_survey/images/trial_0225_B_gen_imgs.png,12,16,distractor,/gpfs/radev/home/rj265/project/cluster_odd_one_out_survey/images/trial_0225_C_center_cells.png,/gpfs/radev/home/rj265/project/cluster_odd_one_out_survey/images/trial_0225_C_gen_imgs.png
226,12_16,12,16,16,12,0,center_cells,16,45,same_2,/gpfs/radev/home/rj265/project/cluster_odd_one_out_survey/images/trial_0226_A_center_cells.png,/gpfs/radev/home/rj265/project/cluster_odd_one_out_survey/images/trial_0226_A_gen_imgs.png,12,27,distractor,B,12,/gpfs/radev/home/rj265/project/cluster_odd_one_out_survey/images/trial_0226_B_center_cells.png,/gpfs/radev/home/rj265/project/cluster_odd_one_out_survey/images/trial_0226_B_gen_imgs.png,16,12,same_1,/gpfs/radev/home/rj265/project/cluster_odd_one_out_survey/images/trial_0226_C_center_cells.png,/gpfs/radev/home/rj265/project/cluster_odd_one_out_survey/images/trial_0226_C_gen_imgs.png
227,12_17,12,17,17,12,0,center_cells,17,9,same_1,/gpfs/radev/home/rj265/project/cluster_odd_one_out_survey/images/trial_0227_A_center_cells.png,/gpfs/radev/home/rj265/project/cluster_odd_one_out_survey/images/trial_0227_A_gen_imgs.png,17,42,same_2,C,12,/gpfs/radev/home/rj265/project/cluster_odd_one_out_survey/images/trial_0227_B_center_cells.png,/gpfs/radev/home/rj265/project/cluster_odd_one_out_survey/images/trial_0227_B_gen_imgs.png,12,44,distractor,/gpfs/radev/home/rj265/project/cluster_odd_one_out_survey/images/trial_0227_C_center_cells.png,/gpfs/radev/home/rj265/project/cluster_odd_one_out_survey/images/trial_0227_C_gen_imgs.png
228,12_18,12,18,12,18,0,center_cells,12,35,same_2,/gpfs/radev/home/rj265/project/cluster_odd_one_out_survey/images/trial_0228_A_center_cells.png,/gpfs/radev/home/rj265/project/cluster_odd_one_out_survey/images/trial_0228_A_gen_imgs.png,12,2,same_1,C,18,/gpfs/radev/home/rj265/project/cluster_odd_one_out_survey/images/trial_0228_B_center_cells.png,/gpfs/radev/home/rj265/project/cluster_odd_one_out_survey/images/trial_0228_B_gen_imgs.png,18,26,distractor,/gpfs/radev/home/rj265/project/cluster_odd_one_out_survey/images/trial_0228_C_center_cells.png,/gpfs/radev/home/rj265/project/cluster_odd_one_out_survey/images/trial_0228_C_gen_imgs.png
229,12_19,12,19,19,12,0,center_cells,19,33,same_2,/gpfs/radev/home/rj265/project/cluster_odd_one_out_survey/images/trial_0229_A_center_cells.png,/gpfs/radev/home/rj265/project/cluster_odd_one_out_survey/images/trial_0229_A_gen_imgs.png,19,23,same_1,C,12,/gpfs/radev/home/rj265/project/cluster_odd_one_out_survey/images/trial_0229_B_center_cells.png,/gpfs/radev/home/rj265/project/cluster_odd_one_out_survey/images/trial_0229_B_gen_imgs.png,12,10,distractor,/gpfs/radev/home/rj265/project/cluster_odd_one_out_survey/images/trial_0229_C_center_cells.png,/gpfs/radev/home/rj265/project/cluster_odd_one_out_survey/images/trial_0229_C_gen_imgs.png
230,12_20,12,20,20,12,0,center_cells,20,44,same_2,/gpfs/radev/home/rj265/project/cluster_odd_one_out_survey/images/trial_0230_A_center_cells.png,/gpfs/radev/home/rj265/project/cluster_odd_one_out_survey/images/trial_0230_A_gen_imgs.png,12,31,distractor,B,12,/gpfs/radev/home/rj265/project/cluster_odd_one_out_survey/images/trial_0230_B_center_cells.png,/gpfs/radev/home/rj265/project/cluster_odd_one_out_survey/images/trial_0230_B_gen_imgs.png,20,40,same_1,/gpfs/radev/home/rj265/project/cluster_odd_one_out_survey/images/trial_0230_C_center_cells.png,/gpfs/radev/home/rj265/project/cluster_odd_one_out_survey/images/trial_0230_C_gen_imgs.png
231,12_21,12,21,21,12,0,center_cells,12,11,distractor,/gpfs/radev/home/rj265/project/cluster_odd_one_out_survey/images/trial_0231_A_center_cells.png,/gpfs/radev/home/rj265/project/cluster_odd_one_out_survey/images/trial_0231_A_gen_imgs.png,21,15,same_1,A,12,/gpfs/radev/home/rj265/project/cluster_odd_one_out_survey/images/trial_0231_B_center_cells.png,/gpfs/radev/home/rj265/project/cluster_odd_one_out_survey/images/trial_0231_B_gen_imgs.png,21,17,same_2,/gpfs/radev/home/rj265/project/cluster_odd_one_out_survey/images/trial_0231_C_center_cells.png,/gpfs/radev/home/rj265/project/cluster_odd_one_out_survey/images/trial_0231_C_gen_imgs.png
232,12_22,12,22,22,12,0,center_cells,12,45,distractor,/gpfs/radev/home/rj265/project/cluster_odd_one_out_survey/images/trial_0232_A_center_cells.png,/gpfs/radev/home/rj265/project/cluster_odd_one_out_survey/images/trial_0232_A_gen_imgs.png,22,15,same_1,A,12,/gpfs/radev/home/rj265/project/cluster_odd_one_out_survey/images/trial_0232_B_center_cells.png,/gpfs/radev/home/rj265/project/cluster_odd_one_out_survey/images/trial_0232_B_gen_imgs.png,22,47,same_2,/gpfs/radev/home/rj265/project/cluster_odd_one_out_survey/images/trial_0232_C_center_cells.png,/gpfs/radev/home/rj265/project/cluster_odd_one_out_survey/images/trial_0232_C_gen_imgs.png
233,12_23,12,23,23,12,0,center_cells,23,10,same_1,/gpfs/radev/home/rj265/project/cluster_odd_one_out_survey/images/trial_0233_A_center_cells.png,/gpfs/radev/home/rj265/project/cluster_odd_one_out_survey/images/trial_0233_A_gen_imgs.png,12,4,distractor,B,12,/gpfs/radev/home/rj265/project/cluster_odd_one_out_survey/images/trial_0233_B_center_cells.png,/gpfs/radev/home/rj265/project/cluster_odd_one_out_survey/images/trial_0233_B_gen_imgs.png,23,28,same_2,/gpfs/radev/home/rj265/project/cluster_odd_one_out_survey/images/trial_0233_C_center_cells.png,/gpfs/radev/home/rj265/project/cluster_odd_one_out_survey/images/trial_0233_C_gen_imgs.png
234,12_24,12,24,24,12,0,center_cells,24,16,same_1,/gpfs/radev/home/rj265/project/cluster_odd_one_out_survey/images/trial_0234_A_center_cells.png,/gpfs/radev/home/rj265/project/cluster_odd_one_out_survey/images/trial_0234_A_gen_imgs.png,12,48,distractor,B,12,/gpfs/radev/home/rj265/project/cluster_odd_one_out_survey/images/trial_0234_B_center_cells.png,/gpfs/radev/home/rj265/project/cluster_odd_one_out_survey/images/trial_0234_B_gen_imgs.png,24,27,same_2,/gpfs/radev/home/rj265/project/cluster_odd_one_out_survey/images/trial_0234_C_center_cells.png,/gpfs/radev/home/rj265/project/cluster_odd_one_out_survey/images/trial_0234_C_gen_imgs.png
235,13_14,13,14,13,14,0,center_cells,14,0,distractor,/gpfs/radev/home/rj265/project/cluster_odd_one_out_survey/images/trial_0235_A_center_cells.png,/gpfs/radev/home/rj265/project/cluster_odd_one_out_survey/images/trial_0235_A_gen_imgs.png,13,1,same_1,A,14,/gpfs/radev/home/rj265/project/cluster_odd_one_out_survey/images/trial_0235_B_center_cells.png,/gpfs/radev/home/rj265/project/cluster_odd_one_out_survey/images/trial_0235_B_gen_imgs.png,13,31,same_2,/gpfs/radev/home/rj265/project/cluster_odd_one_out_survey/images/trial_0235_C_center_cells.png,/gpfs/radev/home/rj265/project/cluster_odd_one_out_survey/images/trial_0235_C_gen_imgs.png
236,13_15,13,15,15,13,0,center_cells,15,24,same_1,/gpfs/radev/home/rj265/project/cluster_odd_one_out_survey/images/trial_0236_A_center_cells.png,/gpfs/radev/home/rj265/project/cluster_odd_one_out_survey/images/trial_0236_A_gen_imgs.png,15,27,same_2,C,13,/gpfs/radev/home/rj265/project/cluster_odd_one_out_survey/images/trial_0236_B_center_cells.png,/gpfs/radev/home/rj265/project/cluster_odd_one_out_survey/images/trial_0236_B_gen_imgs.png,13,49,distractor,/gpfs/radev/home/rj265/project/cluster_odd_one_out_survey/images/trial_0236_C_center_cells.png,/gpfs/radev/home/rj265/project/cluster_odd_one_out_survey/images/trial_0236_C_gen_imgs.png
237,13_16,13,16,16,13,0,center_cells,13,29,distractor,/gpfs/radev/home/rj265/project/cluster_odd_one_out_survey/images/trial_0237_A_center_cells.png,/gpfs/radev/home/rj265/project/cluster_odd_one_out_survey/images/trial_0237_A_gen_imgs.png,16,2,same_1,A,13,/gpfs/radev/home/rj265/project/cluster_odd_one_out_survey/images/trial_0237_B_center_cells.png,/gpfs/radev/home/rj265/project/cluster_odd_one_out_survey/images/trial_0237_B_gen_imgs.png,16,37,same_2,/gpfs/radev/home/rj265/project/cluster_odd_one_out_survey/images/trial_0237_C_center_cells.png,/gpfs/radev/home/rj265/project/cluster_odd_one_out_survey/images/trial_0237_C_gen_imgs.png
238,13_17,13,17,17,13,0,center_cells,17,17,same_1,/gpfs/radev/home/rj265/project/cluster_odd_one_out_survey/images/trial_0238_A_center_cells.png,/gpfs/radev/home/rj265/project/cluster_odd_one_out_survey/images/trial_0238_A_gen_imgs.png,13,1,distractor,B,13,/gpfs/radev/home/rj265/project/cluster_odd_one_out_survey/images/trial_0238_B_center_cells.png,/gpfs/radev/home/rj265/project/cluster_odd_one_out_survey/images/trial_0238_B_gen_imgs.png,17,20,same_2,/gpfs/radev/home/rj265/project/cluster_odd_one_out_survey/images/trial_0238_C_center_cells.png,/gpfs/radev/home/rj265/project/cluster_odd_one_out_survey/images/trial_0238_C_gen_imgs.png
239,13_18,13,18,18,13,0,center_cells,18,8,same_1,/gpfs/radev/home/rj265/project/cluster_odd_one_out_survey/images/trial_0239_A_center_cells.png,/gpfs/radev/home/rj265/project/cluster_odd_one_out_survey/images/trial_0239_A_gen_imgs.png,18,2,same_2,C,13,/gpfs/radev/home/rj265/project/cluster_odd_one_out_survey/images/trial_0239_B_center_cells.png,/gpfs/radev/home/rj265/project/cluster_odd_one_out_survey/images/trial_0239_B_gen_imgs.png,13,5,distractor,/gpfs/radev/home/rj265/project/cluster_odd_one_out_survey/images/trial_0239_C_center_cells.png,/gpfs/radev/home/rj265/project/cluster_odd_one_out_survey/images/trial_0239_C_gen_imgs.png
240,13_19,13,19,13,19,0,center_cells,19,45,distractor,/gpfs/radev/home/rj265/project/cluster_odd_one_out_survey/images/trial_0240_A_center_cells.png,/gpfs/radev/home/rj265/project/cluster_odd_one_out_survey/images/trial_0240_A_gen_imgs.png,13,12,same_2,A,19,/gpfs/radev/home/rj265/project/cluster_odd_one_out_survey/images/trial_0240_B_center_cells.png,/gpfs/radev/home/rj265/project/cluster_odd_one_out_survey/images/trial_0240_B_gen_imgs.png,13,4,same_1,/gpfs/radev/home/rj265/project/cluster_odd_one_out_survey/images/trial_0240_C_center_cells.png,/gpfs/radev/home/rj265/project/cluster_odd_one_out_survey/images/trial_0240_C_gen_imgs.png
241,13_20,13,20,13,20,0,center_cells,20,25,distractor,/gpfs/radev/home/rj265/project/cluster_odd_one_out_survey/images/trial_0241_A_center_cells.png,/gpfs/radev/home/rj265/project/cluster_odd_one_out_survey/images/trial_0241_A_gen_imgs.png,13,20,same_2,A,20,/gpfs/radev/home/rj265/project/cluster_odd_one_out_survey/images/trial_0241_B_center_cells.png,/gpfs/radev/home/rj265/project/cluster_odd_one_out_survey/images/trial_0241_B_gen_imgs.png,13,1,same_1,/gpfs/radev/home/rj265/project/cluster_odd_one_out_survey/images/trial_0241_C_center_cells.png,/gpfs/radev/home/rj265/project/cluster_odd_one_out_survey/images/trial_0241_C_gen_imgs.png
242,13_21,13,21,13,21,0,center_cells,13,9,same_1,/gpfs/radev/home/rj265/project/cluster_odd_one_out_survey/images/trial_0242_A_center_cells.png,/gpfs/radev/home/rj265/project/cluster_odd_one_out_survey/images/trial_0242_A_gen_imgs.png,21,9,distractor,B,21,/gpfs/radev/home/rj265/project/cluster_odd_one_out_survey/images/trial_0242_B_center_cells.png,/gpfs/radev/home/rj265/project/cluster_odd_one_out_survey/images/trial_0242_B_gen_imgs.png,13,38,same_2,/gpfs/radev/home/rj265/project/cluster_odd_one_out_survey/images/trial_0242_C_center_cells.png,/gpfs/radev/home/rj265/project/cluster_odd_one_out_survey/images/trial_0242_C_gen_imgs.png
243,13_22,13,22,22,13,0,center_cells,13,8,distractor,/gpfs/radev/home/rj265/project/cluster_odd_one_out_survey/images/trial_0243_A_center_cells.png,/gpfs/radev/home/rj265/project/cluster_odd_one_out_survey/images/trial_0243_A_gen_imgs.png,22,10,same_1,A,13,/gpfs/radev/home/rj265/project/cluster_odd_one_out_survey/images/trial_0243_B_center_cells.png,/gpfs/radev/home/rj265/project/cluster_odd_one_out_survey/images/trial_0243_B_gen_imgs.png,22,8,same_2,/gpfs/radev/home/rj265/project/cluster_odd_one_out_survey/images/trial_0243_C_center_cells.png,/gpfs/radev/home/rj265/project/cluster_odd_one_out_survey/images/trial_0243_C_gen_imgs.png
244,13_23,13,23,23,13,0,center_cells,23,33,same_1,/gpfs/radev/home/rj265/project/cluster_odd_one_out_survey/images/trial_0244_A_center_cells.png,/gpfs/radev/home/rj265/project/cluster_odd_one_out_survey/images/trial_0244_A_gen_imgs.png,23,2,same_2,C,13,/gpfs/radev/home/rj265/project/cluster_odd_one_out_survey/images/trial_0244_B_center_cells.png,/gpfs/radev/home/rj265/project/cluster_odd_one_out_survey/images/trial_0244_B_gen_imgs.png,13,35,distractor,/gpfs/radev/home/rj265/project/cluster_odd_one_out_survey/images/trial_0244_C_center_cells.png,/gpfs/radev/home/rj265/project/cluster_odd_one_out_survey/images/trial_0244_C_gen_imgs.png
245,13_24,13,24,24,13,0,center_cells,24,37,same_2,/gpfs/radev/home/rj265/project/cluster_odd_one_out_survey/images/trial_0245_A_center_cells.png,/gpfs/radev/home/rj265/project/cluster_odd_one_out_survey/images/trial_0245_A_gen_imgs.png,13,5,distractor,B,13,/gpfs/radev/home/rj265/project/cluster_odd_one_out_survey/images/trial_0245_B_center_cells.png,/gpfs/radev/home/rj265/project/cluster_odd_one_out_survey/images/trial_0245_B_gen_imgs.png,24,22,same_1,/gpfs/radev/home/rj265/project/cluster_odd_one_out_survey/images/trial_0245_C_center_cells.png,/gpfs/radev/home/rj265/project/cluster_odd_one_out_survey/images/trial_0245_C_gen_imgs.png
246,14_15,14,15,15,14,0,center_cells,15,12,same_1,/gpfs/radev/home/rj265/project/cluster_odd_one_out_survey/images/trial_0246_A_center_cells.png,/gpfs/radev/home/rj265/project/cluster_odd_one_out_survey/images/trial_0246_A_gen_imgs.png,15,16,same_2,C,14,/gpfs/radev/home/rj265/project/cluster_odd_one_out_survey/images/trial_0246_B_center_cells.png,/gpfs/radev/home/rj265/project/cluster_odd_one_out_survey/images/trial_0246_B_gen_imgs.png,14,20,distractor,/gpfs/radev/home/rj265/project/cluster_odd_one_out_survey/images/trial_0246_C_center_cells.png,/gpfs/radev/home/rj265/project/cluster_odd_one_out_survey/images/trial_0246_C_gen_imgs.png
247,14_16,14,16,16,14,0,center_cells,14,9,distractor,/gpfs/radev/home/rj265/project/cluster_odd_one_out_survey/images/trial_0247_A_center_cells.png,/gpfs/radev/home/rj265/project/cluster_odd_one_out_survey/images/trial_0247_A_gen_imgs.png,16,33,same_1,A,14,/gpfs/radev/home/rj265/project/cluster_odd_one_out_survey/images/trial_0247_B_center_cells.png,/gpfs/radev/home/rj265/project/cluster_odd_one_out_survey/images/trial_0247_B_gen_imgs.png,16,29,same_2,/gpfs/radev/home/rj265/project/cluster_odd_one_out_survey/images/trial_0247_C_center_cells.png,/gpfs/radev/home/rj265/project/cluster_odd_one_out_survey/images/trial_0247_C_gen_imgs.png
248,14_17,14,17,14,17,0,center_cells,14,11,same_2,/gpfs/radev/home/rj265/project/cluster_odd_one_out_survey/images/trial_0248_A_center_cells.png,/gpfs/radev/home/rj265/project/cluster_odd_one_out_survey/images/trial_0248_A_gen_imgs.png,14,37,same_1,C,17,/gpfs/radev/home/rj265/project/cluster_odd_one_out_survey/images/trial_0248_B_center_cells.png,/gpfs/radev/home/rj265/project/cluster_odd_one_out_survey/images/trial_0248_B_gen_imgs.png,17,41,distractor,/gpfs/radev/home/rj265/project/cluster_odd_one_out_survey/images/trial_0248_C_center_cells.png,/gpfs/radev/home/rj265/project/cluster_odd_one_out_survey/images/trial_0248_C_gen_imgs.png
249,14_18,14,18,18,14,0,center_cells,18,20,same_1,/gpfs/radev/home/rj265/project/cluster_odd_one_out_survey/images/trial_0249_A_center_cells.png,/gpfs/radev/home/rj265/project/cluster_odd_one_out_survey/images/trial_0249_A_gen_imgs.png,18,4,same_2,C,14,/gpfs/radev/home/rj265/project/cluster_odd_one_out_survey/images/trial_0249_B_center_cells.png,/gpfs/radev/home/rj265/project/cluster_odd_one_out_survey/images/trial_0249_B_gen_imgs.png,14,12,distractor,/gpfs/radev/home/rj265/project/cluster_odd_one_out_survey/images/trial_0249_C_center_cells.png,/gpfs/radev/home/rj265/project/cluster_odd_one_out_survey/images/trial_0249_C_gen_imgs.png
250,14_19,14,19,19,14,0,center_cells,19,29,same_1,/gpfs/radev/home/rj265/project/cluster_odd_one_out_survey/images/trial_0250_A_center_cells.png,/gpfs/radev/home/rj265/project/cluster_odd_one_out_survey/images/trial_0250_A_gen_imgs.png,19,33,same_2,C,14,/gpfs/radev/home/rj265/project/cluster_odd_one_out_survey/images/trial_0250_B_center_cells.png,/gpfs/radev/home/rj265/project/cluster_odd_one_out_survey/images/trial_0250_B_gen_imgs.png,14,10,distractor,/gpfs/radev/home/rj265/project/cluster_odd_one_out_survey/images/trial_0250_C_center_cells.png,/gpfs/radev/home/rj265/project/cluster_odd_one_out_survey/images/trial_0250_C_gen_imgs.png
251,14_20,14,20,20,14,0,center_cells,20,30,same_2,/gpfs/radev/home/rj265/project/cluster_odd_one_out_survey/images/trial_0251_A_center_cells.png,/gpfs/radev/home/rj265/project/cluster_odd_one_out_survey/images/trial_0251_A_gen_imgs.png,20,8,same_1,C,14,/gpfs/radev/home/rj265/project/cluster_odd_one_out_survey/images/trial_0251_B_center_cells.png,/gpfs/radev/home/rj265/project/cluster_odd_one_out_survey/images/trial_0251_B_gen_imgs.png,14,49,distractor,/gpfs/radev/home/rj265/project/cluster_odd_one_out_survey/images/trial_0251_C_center_cells.png,/gpfs/radev/home/rj265/project/cluster_odd_one_out_survey/images/trial_0251_C_gen_imgs.png
252,14_21,14,21,21,14,0,center_cells,21,21,same_2,/gpfs/radev/home/rj265/project/cluster_odd_one_out_survey/images/trial_0252_A_center_cells.png,/gpfs/radev/home/rj265/project/cluster_odd_one_out_survey/images/trial_0252_A_gen_imgs.png,14,0,distractor,B,14,/gpfs/radev/home/rj265/project/cluster_odd_one_out_survey/images/trial_0252_B_center_cells.png,/gpfs/radev/home/rj265/project/cluster_odd_one_out_survey/images/trial_0252_B_gen_imgs.png,21,33,same_1,/gpfs/radev/home/rj265/project/cluster_odd_one_out_survey/images/trial_0252_C_center_cells.png,/gpfs/radev/home/rj265/project/cluster_odd_one_out_survey/images/trial_0252_C_gen_imgs.png
253,14_22,14,22,14,22,0,center_cells,14,22,same_1,/gpfs/radev/home/rj265/project/cluster_odd_one_out_survey/images/trial_0253_A_center_cells.png,/gpfs/radev/home/rj265/project/cluster_odd_one_out_survey/images/trial_0253_A_gen_imgs.png,22,28,distractor,B,22,/gpfs/radev/home/rj265/project/cluster_odd_one_out_survey/images/trial_0253_B_center_cells.png,/gpfs/radev/home/rj265/project/cluster_odd_one_out_survey/images/trial_0253_B_gen_imgs.png,14,36,same_2,/gpfs/radev/home/rj265/project/cluster_odd_one_out_survey/images/trial_0253_C_center_cells.png,/gpfs/radev/home/rj265/project/cluster_odd_one_out_survey/images/trial_0253_C_gen_imgs.png
254,14_23,14,23,23,14,0,center_cells,14,8,distractor,/gpfs/radev/home/rj265/project/cluster_odd_one_out_survey/images/trial_0254_A_center_cells.png,/gpfs/radev/home/rj265/project/cluster_odd_one_out_survey/images/trial_0254_A_gen_imgs.png,23,40,same_1,A,14,/gpfs/radev/home/rj265/project/cluster_odd_one_out_survey/images/trial_0254_B_center_cells.png,/gpfs/radev/home/rj265/project/cluster_odd_one_out_survey/images/trial_0254_B_gen_imgs.png,23,7,same_2,/gpfs/radev/home/rj265/project/cluster_odd_one_out_survey/images/trial_0254_C_center_cells.png,/gpfs/radev/home/rj265/project/cluster_odd_one_out_survey/images/trial_0254_C_gen_imgs.png
255,14_24,14,24,14,24,0,center_cells,14,1,same_2,/gpfs/radev/home/rj265/project/cluster_odd_one_out_survey/images/trial_0255_A_center_cells.png,/gpfs/radev/home/rj265/project/cluster_odd_one_out_survey/images/trial_0255_A_gen_imgs.png,14,8,same_1,C,24,/gpfs/radev/home/rj265/project/cluster_odd_one_out_survey/images/trial_0255_B_center_cells.png,/gpfs/radev/home/rj265/project/cluster_odd_one_out_survey/images/trial_0255_B_gen_imgs.png,24,21,distractor,/gpfs/radev/home/rj265/project/cluster_odd_one_out_survey/images/trial_0255_C_center_cells.png,/gpfs/radev/home/rj265/project/cluster_odd_one_out_survey/images/trial_0255_C_gen_imgs.png
256,15_16,15,16,15,16,0,center_cells,15,41,same_1,/gpfs/radev/home/rj265/project/cluster_odd_one_out_survey/images/trial_0256_A_center_cells.png,/gpfs/radev/home/rj265/project/cluster_odd_one_out_survey/images/trial_0256_A_gen_imgs.png,16,44,distractor,B,16,/gpfs/radev/home/rj265/project/cluster_odd_one_out_survey/images/trial_0256_B_center_cells.png,/gpfs/radev/home/rj265/project/cluster_odd_one_out_survey/images/trial_0256_B_gen_imgs.png,15,3,same_2,/gpfs/radev/home/rj265/project/cluster_odd_one_out_survey/images/trial_0256_C_center_cells.png,/gpfs/radev/home/rj265/project/cluster_odd_one_out_survey/images/trial_0256_C_gen_imgs.png
257,15_17,15,17,17,15,0,center_cells,15,45,distractor,/gpfs/radev/home/rj265/project/cluster_odd_one_out_survey/images/trial_0257_A_center_cells.png,/gpfs/radev/home/rj265/project/cluster_odd_one_out_survey/images/trial_0257_A_gen_imgs.png,17,49,same_2,A,15,/gpfs/radev/home/rj265/project/cluster_odd_one_out_survey/images/trial_0257_B_center_cells.png,/gpfs/radev/home/rj265/project/cluster_odd_one_out_survey/images/trial_0257_B_gen_imgs.png,17,38,same_1,/gpfs/radev/home/rj265/project/cluster_odd_one_out_survey/images/trial_0257_C_center_cells.png,/gpfs/radev/home/rj265/project/cluster_odd_one_out_survey/images/trial_0257_C_gen_imgs.png
258,15_18,15,18,18,15,0,center_cells,18,4,same_1,/gpfs/radev/home/rj265/project/cluster_odd_one_out_survey/images/trial_0258_A_center_cells.png,/gpfs/radev/home/rj265/project/cluster_odd_one_out_survey/images/trial_0258_A_gen_imgs.png,15,3,distractor,B,15,/gpfs/radev/home/rj265/project/cluster_odd_one_out_survey/images/trial_0258_B_center_cells.png,/gpfs/radev/home/rj265/project/cluster_odd_one_out_survey/images/trial_0258_B_gen_imgs.png,18,26,same_2,/gpfs/radev/home/rj265/project/cluster_odd_one_out_survey/images/trial_0258_C_center_cells.png,/gpfs/radev/home/rj265/project/cluster_odd_one_out_survey/images/trial_0258_C_gen_imgs.png
259,15_19,15,19,19,15,0,center_cells,19,39,same_1,/gpfs/radev/home/rj265/project/cluster_odd_one_out_survey/images/trial_0259_A_center_cells.png,/gpfs/radev/home/rj265/project/cluster_odd_one_out_survey/images/trial_0259_A_gen_imgs.png,19,48,same_2,C,15,/gpfs/radev/home/rj265/project/cluster_odd_one_out_survey/images/trial_0259_B_center_cells.png,/gpfs/radev/home/rj265/project/cluster_odd_one_out_survey/images/trial_0259_B_gen_imgs.png,15,16,distractor,/gpfs/radev/home/rj265/project/cluster_odd_one_out_survey/images/trial_0259_C_center_cells.png,/gpfs/radev/home/rj265/project/cluster_odd_one_out_survey/images/trial_0259_C_gen_imgs.png
260,15_20,15,20,20,15,0,center_cells,15,11,distractor,/gpfs/radev/home/rj265/project/cluster_odd_one_out_survey/images/trial_0260_A_center_cells.png,/gpfs/radev/home/rj265/project/cluster_odd_one_out_survey/images/trial_0260_A_gen_imgs.png,20,26,same_2,A,15,/gpfs/radev/home/rj265/project/cluster_odd_one_out_survey/images/trial_0260_B_center_cells.png,/gpfs/radev/home/rj265/project/cluster_odd_one_out_survey/images/trial_0260_B_gen_imgs.png,20,29,same_1,/gpfs/radev/home/rj265/project/cluster_odd_one_out_survey/images/trial_0260_C_center_cells.png,/gpfs/radev/home/rj265/project/cluster_odd_one_out_survey/images/trial_0260_C_gen_imgs.png
261,15_21,15,21,21,15,0,center_cells,15,4,distractor,/gpfs/radev/home/rj265/project/cluster_odd_one_out_survey/images/trial_0261_A_center_cells.png,/gpfs/radev/home/rj265/project/cluster_odd_one_out_survey/images/trial_0261_A_gen_imgs.png,21,12,same_1,A,15,/gpfs/radev/home/rj265/project/cluster_odd_one_out_survey/images/trial_0261_B_center_cells.png,/gpfs/radev/home/rj265/project/cluster_odd_one_out_survey/images/trial_0261_B_gen_imgs.png,21,24,same_2,/gpfs/radev/home/rj265/project/cluster_odd_one_out_survey/images/trial_0261_C_center_cells.png,/gpfs/radev/home/rj265/project/cluster_odd_one_out_survey/images/trial_0261_C_gen_imgs.png
262,15_22,15,22,15,22,0,center_cells,22,11,distractor,/gpfs/radev/home/rj265/project/cluster_odd_one_out_survey/images/trial_0262_A_center_cells.png,/gpfs/radev/home/rj265/project/cluster_odd_one_out_survey/images/trial_0262_A_gen_imgs.png,15,22,same_1,A,22,/gpfs/radev/home/rj265/project/cluster_odd_one_out_survey/images/trial_0262_B_center_cells.png,/gpfs/radev/home/rj265/project/cluster_odd_one_out_survey/images/trial_0262_B_gen_imgs.png,15,1,same_2,/gpfs/radev/home/rj265/project/cluster_odd_one_out_survey/images/trial_0262_C_center_cells.png,/gpfs/radev/home/rj265/project/cluster_odd_one_out_survey/images/trial_0262_C_gen_imgs.png
263,15_23,15,23,15,23,0,center_cells,15,35,same_1,/gpfs/radev/home/rj265/project/cluster_odd_one_out_survey/images/trial_0263_A_center_cells.png,/gpfs/radev/home/rj265/project/cluster_odd_one_out_survey/images/trial_0263_A_gen_imgs.png,23,44,distractor,B,23,/gpfs/radev/home/rj265/project/cluster_odd_one_out_survey/images/trial_0263_B_center_cells.png,/gpfs/radev/home/rj265/project/cluster_odd_one_out_survey/images/trial_0263_B_gen_imgs.png,15,47,same_2,/gpfs/radev/home/rj265/project/cluster_odd_one_out_survey/images/trial_0263_C_center_cells.png,/gpfs/radev/home/rj265/project/cluster_odd_one_out_survey/images/trial_0263_C_gen_imgs.png
264,15_24,15,24,15,24,0,center_cells,24,25,distractor,/gpfs/radev/home/rj265/project/cluster_odd_one_out_survey/images/trial_0264_A_center_cells.png,/gpfs/radev/home/rj265/project/cluster_odd_one_out_survey/images/trial_0264_A_gen_imgs.png,15,3,same_1,A,24,/gpfs/radev/home/rj265/project/cluster_odd_one_out_survey/images/trial_0264_B_center_cells.png,/gpfs/radev/home/rj265/project/cluster_odd_one_out_survey/images/trial_0264_B_gen_imgs.png,15,34,same_2,/gpfs/radev/home/rj265/project/cluster_odd_one_out_survey/images/trial_0264_C_center_cells.png,/gpfs/radev/home/rj265/project/cluster_odd_one_out_survey/images/trial_0264_C_gen_imgs.png
265,16_17,16,17,17,16,0,center_cells,16,21,distractor,/gpfs/radev/home/rj265/project/cluster_odd_one_out_survey/images/trial_0265_A_center_cells.png,/gpfs/radev/home/rj265/project/cluster_odd_one_out_survey/images/trial_0265_A_gen_imgs.png,17,6,same_1,A,16,/gpfs/radev/home/rj265/project/cluster_odd_one_out_survey/images/trial_0265_B_center_cells.png,/gpfs/radev/home/rj265/project/cluster_odd_one_out_survey/images/trial_0265_B_gen_imgs.png,17,5,same_2,/gpfs/radev/home/rj265/project/cluster_odd_one_out_survey/images/trial_0265_C_center_cells.png,/gpfs/radev/home/rj265/project/cluster_odd_one_out_survey/images/trial_0265_C_gen_imgs.png
266,16_18,16,18,16,18,0,center_cells,16,2,same_1,/gpfs/radev/home/rj265/project/cluster_odd_one_out_survey/images/trial_0266_A_center_cells.png,/gpfs/radev/home/rj265/project/cluster_odd_one_out_survey/images/trial_0266_A_gen_imgs.png,16,9,same_2,C,18,/gpfs/radev/home/rj265/project/cluster_odd_one_out_survey/images/trial_0266_B_center_cells.png,/gpfs/radev/home/rj265/project/cluster_odd_one_out_survey/images/trial_0266_B_gen_imgs.png,18,33,distractor,/gpfs/radev/home/rj265/project/cluster_odd_one_out_survey/images/trial_0266_C_center_cells.png,/gpfs/radev/home/rj265/project/cluster_odd_one_out_survey/images/trial_0266_C_gen_imgs.png
267,16_19,16,19,19,16,0,center_cells,19,24,same_2,/gpfs/radev/home/rj265/project/cluster_odd_one_out_survey/images/trial_0267_A_center_cells.png,/gpfs/radev/home/rj265/project/cluster_odd_one_out_survey/images/trial_0267_A_gen_imgs.png,16,21,distractor,B,16,/gpfs/radev/home/rj265/project/cluster_odd_one_out_survey/images/trial_0267_B_center_cells.png,/gpfs/radev/home/rj265/project/cluster_odd_one_out_survey/images/trial_0267_B_gen_imgs.png,19,0,same_1,/gpfs/radev/home/rj265/project/cluster_odd_one_out_survey/images/trial_0267_C_center_cells.png,/gpfs/radev/home/rj265/project/cluster_odd_one_out_survey/images/trial_0267_C_gen_imgs.png
268,16_20,16,20,16,20,0,center_cells,16,10,same_2,/gpfs/radev/home/rj265/project/cluster_odd_one_out_survey/images/trial_0268_A_center_cells.png,/gpfs/radev/home/rj265/project/cluster_odd_one_out_survey/images/trial_0268_A_gen_imgs.png,16,49,same_1,C,20,/gpfs/radev/home/rj265/project/cluster_odd_one_out_survey/images/trial_0268_B_center_cells.png,/gpfs/radev/home/rj265/project/cluster_odd_one_out_survey/images/trial_0268_B_gen_imgs.png,20,40,distractor,/gpfs/radev/home/rj265/project/cluster_odd_one_out_survey/images/trial_0268_C_center_cells.png,/gpfs/radev/home/rj265/project/cluster_odd_one_out_survey/images/trial_0268_C_gen_imgs.png
269,16_21,16,21,21,16,0,center_cells,21,39,same_1,/gpfs/radev/home/rj265/project/cluster_odd_one_out_survey/images/trial_0269_A_center_cells.png,/gpfs/radev/home/rj265/project/cluster_odd_one_out_survey/images/trial_0269_A_gen_imgs.png,16,1,distractor,B,16,/gpfs/radev/home/rj265/project/cluster_odd_one_out_survey/images/trial_0269_B_center_cells.png,/gpfs/radev/home/rj265/project/cluster_odd_one_out_survey/images/trial_0269_B_gen_imgs.png,21,21,same_2,/gpfs/radev/home/rj265/project/cluster_odd_one_out_survey/images/trial_0269_C_center_cells.png,/gpfs/radev/home/rj265/project/cluster_odd_one_out_survey/images/trial_0269_C_gen_imgs.png
270,16_22,16,22,16,22,0,center_cells,22,18,distractor,/gpfs/radev/home/rj265/project/cluster_odd_one_out_survey/images/trial_0270_A_center_cells.png,/gpfs/radev/home/rj265/project/cluster_odd_one_out_survey/images/trial_0270_A_gen_imgs.png,16,15,same_1,A,22,/gpfs/radev/home/rj265/project/cluster_odd_one_out_survey/images/trial_0270_B_center_cells.png,/gpfs/radev/home/rj265/project/cluster_odd_one_out_survey/images/trial_0270_B_gen_imgs.png,16,40,same_2,/gpfs/radev/home/rj265/project/cluster_odd_one_out_survey/images/trial_0270_C_center_cells.png,/gpfs/radev/home/rj265/project/cluster_odd_one_out_survey/images/trial_0270_C_gen_imgs.png
271,16_23,16,23,23,16,0,center_cells,23,22,same_1,/gpfs/radev/home/rj265/project/cluster_odd_one_out_survey/images/trial_0271_A_center_cells.png,/gpfs/radev/home/rj265/project/cluster_odd_one_out_survey/images/trial_0271_A_gen_imgs.png,16,10,distractor,B,16,/gpfs/radev/home/rj265/project/cluster_odd_one_out_survey/images/trial_0271_B_center_cells.png,/gpfs/radev/home/rj265/project/cluster_odd_one_out_survey/images/trial_0271_B_gen_imgs.png,23,14,same_2,/gpfs/radev/home/rj265/project/cluster_odd_one_out_survey/images/trial_0271_C_center_cells.png,/gpfs/radev/home/rj265/project/cluster_odd_one_out_survey/images/trial_0271_C_gen_imgs.png
272,16_24,16,24,16,24,0,center_cells,16,8,same_2,/gpfs/radev/home/rj265/project/cluster_odd_one_out_survey/images/trial_0272_A_center_cells.png,/gpfs/radev/home/rj265/project/cluster_odd_one_out_survey/images/trial_0272_A_gen_imgs.png,16,36,same_1,C,24,/gpfs/radev/home/rj265/project/cluster_odd_one_out_survey/images/trial_0272_B_center_cells.png,/gpfs/radev/home/rj265/project/cluster_odd_one_out_survey/images/trial_0272_B_gen_imgs.png,24,24,distractor,/gpfs/radev/home/rj265/project/cluster_odd_one_out_survey/images/trial_0272_C_center_cells.png,/gpfs/radev/home/rj265/project/cluster_odd_one_out_survey/images/trial_0272_C_gen_imgs.png
273,17_18,17,18,17,18,0,center_cells,18,43,distractor,/gpfs/radev/home/rj265/project/cluster_odd_one_out_survey/images/trial_0273_A_center_cells.png,/gpfs/radev/home/rj265/project/cluster_odd_one_out_survey/images/trial_0273_A_gen_imgs.png,17,37,same_1,A,18,/gpfs/radev/home/rj265/project/cluster_odd_one_out_survey/images/trial_0273_B_center_cells.png,/gpfs/radev/home/rj265/project/cluster_odd_one_out_survey/images/trial_0273_B_gen_imgs.png,17,0,same_2,/gpfs/radev/home/rj265/project/cluster_odd_one_out_survey/images/trial_0273_C_center_cells.png,/gpfs/radev/home/rj265/project/cluster_odd_one_out_survey/images/trial_0273_C_gen_imgs.png
274,17_19,17,19,19,17,0,center_cells,19,20,same_2,/gpfs/radev/home/rj265/project/cluster_odd_one_out_survey/images/trial_0274_A_center_cells.png,/gpfs/radev/home/rj265/project/cluster_odd_one_out_survey/images/trial_0274_A_gen_imgs.png,17,32,distractor,B,17,/gpfs/radev/home/rj265/project/cluster_odd_one_out_survey/images/trial_0274_B_center_cells.png,/gpfs/radev/home/rj265/project/cluster_odd_one_out_survey/images/trial_0274_B_gen_imgs.png,19,1,same_1,/gpfs/radev/home/rj265/project/cluster_odd_one_out_survey/images/trial_0274_C_center_cells.png,/gpfs/radev/home/rj265/project/cluster_odd_one_out_survey/images/trial_0274_C_gen_imgs.png
275,17_20,17,20,17,20,0,center_cells,17,36,same_2,/gpfs/radev/home/rj265/project/cluster_odd_one_out_survey/images/trial_0275_A_center_cells.png,/gpfs/radev/home/rj265/project/cluster_odd_one_out_survey/images/trial_0275_A_gen_imgs.png,20,39,distractor,B,20,/gpfs/radev/home/rj265/project/cluster_odd_one_out_survey/images/trial_0275_B_center_cells.png,/gpfs/radev/home/rj265/project/cluster_odd_one_out_survey/images/trial_0275_B_gen_imgs.png,17,7,same_1,/gpfs/radev/home/rj265/project/cluster_odd_one_out_survey/images/trial_0275_C_center_cells.png,/gpfs/radev/home/rj265/project/cluster_odd_one_out_survey/images/trial_0275_C_gen_imgs.png
276,17_21,17,21,21,17,0,center_cells,21,24,same_1,/gpfs/radev/home/rj265/project/cluster_odd_one_out_survey/images/trial_0276_A_center_cells.png,/gpfs/radev/home/rj265/project/cluster_odd_one_out_survey/images/trial_0276_A_gen_imgs.png,17,26,distractor,B,17,/gpfs/radev/home/rj265/project/cluster_odd_one_out_survey/images/trial_0276_B_center_cells.png,/gpfs/radev/home/rj265/project/cluster_odd_one_out_survey/images/trial_0276_B_gen_imgs.png,21,1,same_2,/gpfs/radev/home/rj265/project/cluster_odd_one_out_survey/images/trial_0276_C_center_cells.png,/gpfs/radev/home/rj265/project/cluster_odd_one_out_survey/images/trial_0276_C_gen_imgs.png
277,17_22,17,22,22,17,0,center_cells,17,32,distractor,/gpfs/radev/home/rj265/project/cluster_odd_one_out_survey/images/trial_0277_A_center_cells.png,/gpfs/radev/home/rj265/project/cluster_odd_one_out_survey/images/trial_0277_A_gen_imgs.png,22,23,same_2,A,17,/gpfs/radev/home/rj265/project/cluster_odd_one_out_survey/images/trial_0277_B_center_cells.png,/gpfs/radev/home/rj265/project/cluster_odd_one_out_survey/images/trial_0277_B_gen_imgs.png,22,8,same_1,/gpfs/radev/home/rj265/project/cluster_odd_one_out_survey/images/trial_0277_C_center_cells.png,/gpfs/radev/home/rj265/project/cluster_odd_one_out_survey/images/trial_0277_C_gen_imgs.png
278,17_23,17,23,17,23,0,center_cells,23,42,distractor,/gpfs/radev/home/rj265/project/cluster_odd_one_out_survey/images/trial_0278_A_center_cells.png,/gpfs/radev/home/rj265/project/cluster_odd_one_out_survey/images/trial_0278_A_gen_imgs.png,17,26,same_1,A,23,/gpfs/radev/home/rj265/project/cluster_odd_one_out_survey/images/trial_0278_B_center_cells.png,/gpfs/radev/home/rj265/project/cluster_odd_one_out_survey/images/trial_0278_B_gen_imgs.png,17,36,same_2,/gpfs/radev/home/rj265/project/cluster_odd_one_out_survey/images/trial_0278_C_center_cells.png,/gpfs/radev/home/rj265/project/cluster_odd_one_out_survey/images/trial_0278_C_gen_imgs.png
279,17_24,17,24,17,24,0,center_cells,24,30,distractor,/gpfs/radev/home/rj265/project/cluster_odd_one_out_survey/images/trial_0279_A_center_cells.png,/gpfs/radev/home/rj265/project/cluster_odd_one_out_survey/images/trial_0279_A_gen_imgs.png,17,27,same_1,A,24,/gpfs/radev/home/rj265/project/cluster_odd_one_out_survey/images/trial_0279_B_center_cells.png,/gpfs/radev/home/rj265/project/cluster_odd_one_out_survey/images/trial_0279_B_gen_imgs.png,17,15,same_2,/gpfs/radev/home/rj265/project/cluster_odd_one_out_survey/images/trial_0279_C_center_cells.png,/gpfs/radev/home/rj265/project/cluster_odd_one_out_survey/images/trial_0279_C_gen_imgs.png
280,18_19,18,19,19,18,0,center_cells,18,30,distractor,/gpfs/radev/home/rj265/project/cluster_odd_one_out_survey/images/trial_0280_A_center_cells.png,/gpfs/radev/home/rj265/project/cluster_odd_one_out_survey/images/trial_0280_A_gen_imgs.png,19,15,same_1,A,18,/gpfs/radev/home/rj265/project/cluster_odd_one_out_survey/images/trial_0280_B_center_cells.png,/gpfs/radev/home/rj265/project/cluster_odd_one_out_survey/images/trial_0280_B_gen_imgs.png,19,41,same_2,/gpfs/radev/home/rj265/project/cluster_odd_one_out_survey/images/trial_0280_C_center_cells.png,/gpfs/radev/home/rj265/project/cluster_odd_one_out_survey/images/trial_0280_C_gen_imgs.png
281,18_20,18,20,20,18,0,center_cells,20,33,same_2,/gpfs/radev/home/rj265/project/cluster_odd_one_out_survey/images/trial_0281_A_center_cells.png,/gpfs/radev/home/rj265/project/cluster_odd_one_out_survey/images/trial_0281_A_gen_imgs.png,20,17,same_1,C,18,/gpfs/radev/home/rj265/project/cluster_odd_one_out_survey/images/trial_0281_B_center_cells.png,/gpfs/radev/home/rj265/project/cluster_odd_one_out_survey/images/trial_0281_B_gen_imgs.png,18,23,distractor,/gpfs/radev/home/rj265/project/cluster_odd_one_out_survey/images/trial_0281_C_center_cells.png,/gpfs/radev/home/rj265/project/cluster_odd_one_out_survey/images/trial_0281_C_gen_imgs.png
282,18_21,18,21,21,18,0,center_cells,18,15,distractor,/gpfs/radev/home/rj265/project/cluster_odd_one_out_survey/images/trial_0282_A_center_cells.png,/gpfs/radev/home/rj265/project/cluster_odd_one_out_survey/images/trial_0282_A_gen_imgs.png,21,49,same_1,A,18,/gpfs/radev/home/rj265/project/cluster_odd_one_out_survey/images/trial_0282_B_center_cells.png,/gpfs/radev/home/rj265/project/cluster_odd_one_out_survey/images/trial_0282_B_gen_imgs.png,21,30,same_2,/gpfs/radev/home/rj265/project/cluster_odd_one_out_survey/images/trial_0282_C_center_cells.png,/gpfs/radev/home/rj265/project/cluster_odd_one_out_survey/images/trial_0282_C_gen_imgs.png
283,18_22,18,22,22,18,0,center_cells,22,40,same_2,/gpfs/radev/home/rj265/project/cluster_odd_one_out_survey/images/trial_0283_A_center_cells.png,/gpfs/radev/home/rj265/project/cluster_odd_one_out_survey/images/trial_0283_A_gen_imgs.png,22,25,same_1,C,18,/gpfs/radev/home/rj265/project/cluster_odd_one_out_survey/images/trial_0283_B_center_cells.png,/gpfs/radev/home/rj265/project/cluster_odd_one_out_survey/images/trial_0283_B_gen_imgs.png,18,6,distractor,/gpfs/radev/home/rj265/project/cluster_odd_one_out_survey/images/trial_0283_C_center_cells.png,/gpfs/radev/home/rj265/project/cluster_odd_one_out_survey/images/trial_0283_C_gen_imgs.png
284,18_23,18,23,18,23,0,center_cells,18,25,same_1,/gpfs/radev/home/rj265/project/cluster_odd_one_out_survey/images/trial_0284_A_center_cells.png,/gpfs/radev/home/rj265/project/cluster_odd_one_out_survey/images/trial_0284_A_gen_imgs.png,23,49,distractor,B,23,/gpfs/radev/home/rj265/project/cluster_odd_one_out_survey/images/trial_0284_B_center_cells.png,/gpfs/radev/home/rj265/project/cluster_odd_one_out_survey/images/trial_0284_B_gen_imgs.png,18,1,same_2,/gpfs/radev/home/rj265/project/cluster_odd_one_out_survey/images/trial_0284_C_center_cells.png,/gpfs/radev/home/rj265/project/cluster_odd_one_out_survey/images/trial_0284_C_gen_imgs.png
285,18_24,18,24,18,24,0,center_cells,18,6,same_1,/gpfs/radev/home/rj265/project/cluster_odd_one_out_survey/images/trial_0285_A_center_cells.png,/gpfs/radev/home/rj265/project/cluster_odd_one_out_survey/images/trial_0285_A_gen_imgs.png,18,45,same_2,C,24,/gpfs/radev/home/rj265/project/cluster_odd_one_out_survey/images/trial_0285_B_center_cells.png,/gpfs/radev/home/rj265/project/cluster_odd_one_out_survey/images/trial_0285_B_gen_imgs.png,24,29,distractor,/gpfs/radev/home/rj265/project/cluster_odd_one_out_survey/images/trial_0285_C_center_cells.png,/gpfs/radev/home/rj265/project/cluster_odd_one_out_survey/images/trial_0285_C_gen_imgs.png
286,19_20,19,20,19,20,0,center_cells,20,26,distractor,/gpfs/radev/home/rj265/project/cluster_odd_one_out_survey/images/trial_0286_A_center_cells.png,/gpfs/radev/home/rj265/project/cluster_odd_one_out_survey/images/trial_0286_A_gen_imgs.png,19,30,same_2,A,20,/gpfs/radev/home/rj265/project/cluster_odd_one_out_survey/images/trial_0286_B_center_cells.png,/gpfs/radev/home/rj265/project/cluster_odd_one_out_survey/images/trial_0286_B_gen_imgs.png,19,21,same_1,/gpfs/radev/home/rj265/project/cluster_odd_one_out_survey/images/trial_0286_C_center_cells.png,/gpfs/radev/home/rj265/project/cluster_odd_one_out_survey/images/trial_0286_C_gen_imgs.png
287,19_21,19,21,21,19,0,center_cells,19,22,distractor,/gpfs/radev/home/rj265/project/cluster_odd_one_out_survey/images/trial_0287_A_center_cells.png,/gpfs/radev/home/rj265/project/cluster_odd_one_out_survey/images/trial_0287_A_gen_imgs.png,21,23,same_2,A,19,/gpfs/radev/home/rj265/project/cluster_odd_one_out_survey/images/trial_0287_B_center_cells.png,/gpfs/radev/home/rj265/project/cluster_odd_one_out_survey/images/trial_0287_B_gen_imgs.png,21,7,same_1,/gpfs/radev/home/rj265/project/cluster_odd_one_out_survey/images/trial_0287_C_center_cells.png,/gpfs/radev/home/rj265/project/cluster_odd_one_out_survey/images/trial_0287_C_gen_imgs.png
288,19_22,19,22,22,19,0,center_cells,22,33,same_2,/gpfs/radev/home/rj265/project/cluster_odd_one_out_survey/images/trial_0288_A_center_cells.png,/gpfs/radev/home/rj265/project/cluster_odd_one_out_survey/images/trial_0288_A_gen_imgs.png,19,48,distractor,B,19,/gpfs/radev/home/rj265/project/cluster_odd_one_out_survey/images/trial_0288_B_center_cells.png,/gpfs/radev/home/rj265/project/cluster_odd_one_out_survey/images/trial_0288_B_gen_imgs.png,22,40,same_1,/gpfs/radev/home/rj265/project/cluster_odd_one_out_survey/images/trial_0288_C_center_cells.png,/gpfs/radev/home/rj265/project/cluster_odd_one_out_survey/images/trial_0288_C_gen_imgs.png
289,19_23,19,23,23,19,0,center_cells,23,16,same_1,/gpfs/radev/home/rj265/project/cluster_odd_one_out_survey/images/trial_0289_A_center_cells.png,/gpfs/radev/home/rj265/project/cluster_odd_one_out_survey/images/trial_0289_A_gen_imgs.png,23,11,same_2,C,19,/gpfs/radev/home/rj265/project/cluster_odd_one_out_survey/images/trial_0289_B_center_cells.png,/gpfs/radev/home/rj265/project/cluster_odd_one_out_survey/images/trial_0289_B_gen_imgs.png,19,46,distractor,/gpfs/radev/home/rj265/project/cluster_odd_one_out_survey/images/trial_0289_C_center_cells.png,/gpfs/radev/home/rj265/project/cluster_odd_one_out_survey/images/trial_0289_C_gen_imgs.png
290,19_24,19,24,19,24,0,center_cells,19,40,same_1,/gpfs/radev/home/rj265/project/cluster_odd_one_out_survey/images/trial_0290_A_center_cells.png,/gpfs/radev/home/rj265/project/cluster_odd_one_out_survey/images/trial_0290_A_gen_imgs.png,19,2,same_2,C,24,/gpfs/radev/home/rj265/project/cluster_odd_one_out_survey/images/trial_0290_B_center_cells.png,/gpfs/radev/home/rj265/project/cluster_odd_one_out_survey/images/trial_0290_B_gen_imgs.png,24,18,distractor,/gpfs/radev/home/rj265/project/cluster_odd_one_out_survey/images/trial_0290_C_center_cells.png,/gpfs/radev/home/rj265/project/cluster_odd_one_out_survey/images/trial_0290_C_gen_imgs.png
291,20_21,20,21,20,21,0,center_cells,20,17,same_2,/gpfs/radev/home/rj265/project/cluster_odd_one_out_survey/images/trial_0291_A_center_cells.png,/gpfs/radev/home/rj265/project/cluster_odd_one_out_survey/images/trial_0291_A_gen_imgs.png,20,26,same_1,C,21,/gpfs/radev/home/rj265/project/cluster_odd_one_out_survey/images/trial_0291_B_center_cells.png,/gpfs/radev/home/rj265/project/cluster_odd_one_out_survey/images/trial_0291_B_gen_imgs.png,21,24,distractor,/gpfs/radev/home/rj265/project/cluster_odd_one_out_survey/images/trial_0291_C_center_cells.png,/gpfs/radev/home/rj265/project/cluster_odd_one_out_survey/images/trial_0291_C_gen_imgs.png
292,20_22,20,22,20,22,0,center_cells,22,39,distractor,/gpfs/radev/home/rj265/project/cluster_odd_one_out_survey/images/trial_0292_A_center_cells.png,/gpfs/radev/home/rj265/project/cluster_odd_one_out_survey/images/trial_0292_A_gen_imgs.png,20,8,same_1,A,22,/gpfs/radev/home/rj265/project/cluster_odd_one_out_survey/images/trial_0292_B_center_cells.png,/gpfs/radev/home/rj265/project/cluster_odd_one_out_survey/images/trial_0292_B_gen_imgs.png,20,7,same_2,/gpfs/radev/home/rj265/project/cluster_odd_one_out_survey/images/trial_0292_C_center_cells.png,/gpfs/radev/home/rj265/project/cluster_odd_one_out_survey/images/trial_0292_C_gen_imgs.png
293,20_23,20,23,20,23,0,center_cells,20,25,same_2,/gpfs/radev/home/rj265/project/cluster_odd_one_out_survey/images/trial_0293_A_center_cells.png,/gpfs/radev/home/rj265/project/cluster_odd_one_out_survey/images/trial_0293_A_gen_imgs.png,23,29,distractor,B,23,/gpfs/radev/home/rj265/project/cluster_odd_one_out_survey/images/trial_0293_B_center_cells.png,/gpfs/radev/home/rj265/project/cluster_odd_one_out_survey/images/trial_0293_B_gen_imgs.png,20,36,same_1,/gpfs/radev/home/rj265/project/cluster_odd_one_out_survey/images/trial_0293_C_center_cells.png,/gpfs/radev/home/rj265/project/cluster_odd_one_out_survey/images/trial_0293_C_gen_imgs.png
294,20_24,20,24,24,20,0,center_cells,24,46,same_2,/gpfs/radev/home/rj265/project/cluster_odd_one_out_survey/images/trial_0294_A_center_cells.png,/gpfs/radev/home/rj265/project/cluster_odd_one_out_survey/images/trial_0294_A_gen_imgs.png,20,35,distractor,B,20,/gpfs/radev/home/rj265/project/cluster_odd_one_out_survey/images/trial_0294_B_center_cells.png,/gpfs/radev/home/rj265/project/cluster_odd_one_out_survey/images/trial_0294_B_gen_imgs.png,24,34,same_1,/gpfs/radev/home/rj265/project/cluster_odd_one_out_survey/images/trial_0294_C_center_cells.png,/gpfs/radev/home/rj265/project/cluster_odd_one_out_survey/images/trial_0294_C_gen_imgs.png
295,21_22,21,22,21,22,0,center_cells,21,14,same_2,/gpfs/radev/home/rj265/project/cluster_odd_one_out_survey/images/trial_0295_A_center_cells.png,/gpfs/radev/home/rj265/project/cluster_odd_one_out_survey/images/trial_0295_A_gen_imgs.png,21,10,same_1,C,22,/gpfs/radev/home/rj265/project/cluster_odd_one_out_survey/images/trial_0295_B_center_cells.png,/gpfs/radev/home/rj265/project/cluster_odd_one_out_survey/images/trial_0295_B_gen_imgs.png,22,1,distractor,/gpfs/radev/home/rj265/project/cluster_odd_one_out_survey/images/trial_0295_C_center_cells.png,/gpfs/radev/home/rj265/project/cluster_odd_one_out_survey/images/trial_0295_C_gen_imgs.png
296,21_23,21,23,23,21,0,center_cells,23,22,same_1,/gpfs/radev/home/rj265/project/cluster_odd_one_out_survey/images/trial_0296_A_center_cells.png,/gpfs/radev/home/rj265/project/cluster_odd_one_out_survey/images/trial_0296_A_gen_imgs.png,21,47,distractor,B,21,/gpfs/radev/home/rj265/project/cluster_odd_one_out_survey/images/trial_0296_B_center_cells.png,/gpfs/radev/home/rj265/project/cluster_odd_one_out_survey/images/trial_0296_B_gen_imgs.png,23,39,same_2,/gpfs/radev/home/rj265/project/cluster_odd_one_out_survey/images/trial_0296_C_center_cells.png,/gpfs/radev/home/rj265/project/cluster_odd_one_out_survey/images/trial_0296_C_gen_imgs.png
297,21_24,21,24,24,21,0,center_cells,21,16,distractor,/gpfs/radev/home/rj265/project/cluster_odd_one_out_survey/images/trial_0297_A_center_cells.png,/gpfs/radev/home/rj265/project/cluster_odd_one_out_survey/images/trial_0297_A_gen_imgs.png,24,49,same_2,A,21,/gpfs/radev/home/rj265/project/cluster_odd_one_out_survey/images/trial_0297_B_center_cells.png,/gpfs/radev/home/rj265/project/cluster_odd_one_out_survey/images/trial_0297_B_gen_imgs.png,24,26,same_1,/gpfs/radev/home/rj265/project/cluster_odd_one_out_survey/images/trial_0297_C_center_cells.png,/gpfs/radev/home/rj265/project/cluster_odd_one_out_survey/images/trial_0297_C_gen_imgs.png
298,22_23,22,23,23,22,0,center_cells,22,44,distractor,/gpfs/radev/home/rj265/project/cluster_odd_one_out_survey/images/trial_0298_A_center_cells.png,/gpfs/radev/home/rj265/project/cluster_odd_one_out_survey/images/trial_0298_A_gen_imgs.png,23,34,same_2,A,22,/gpfs/radev/home/rj265/project/cluster_odd_one_out_survey/images/trial_0298_B_center_cells.png,/gpfs/radev/home/rj265/project/cluster_odd_one_out_survey/images/trial_0298_B_gen_imgs.png,23,21,same_1,/gpfs/radev/home/rj265/project/cluster_odd_one_out_survey/images/trial_0298_C_center_cells.png,/gpfs/radev/home/rj265/project/cluster_odd_one_out_survey/images/trial_0298_C_gen_imgs.png
299,22_24,22,24,24,22,0,center_cells,22,19,distractor,/gpfs/radev/home/rj265/project/cluster_odd_one_out_survey/images/trial_0299_A_center_cells.png,/gpfs/radev/home/rj265/project/cluster_odd_one_out_survey/images/trial_0299_A_gen_imgs.png,24,35,same_2,A,22,/gpfs/radev/home/rj265/project/cluster_odd_one_out_survey/images/trial_0299_B_center_cells.png,/gpfs/radev/home/rj265/project/cluster_odd_one_out_survey/images/trial_0299_B_gen_imgs.png,24,47,same_1,/gpfs/radev/home/rj265/project/cluster_odd_one_out_survey/images/trial_0299_C_center_cells.png,/gpfs/radev/home/rj265/project/cluster_odd_one_out_survey/images/trial_0299_C_gen_imgs.png
300,23_24,23,24,23,24,0,center_cells,23,30,same_1,/gpfs/radev/home/rj265/project/cluster_odd_one_out_survey/images/trial_0300_A_center_cells.png,/gpfs/radev/home/rj265/project/cluster_odd_one_out_survey/images/trial_0300_A_gen_imgs.png,24,19,distractor,B,24,/gpfs/radev/home/rj265/project/cluster_odd_one_out_survey/images/trial_0300_B_center_cells.png,/gpfs/radev/home/rj265/project/cluster_odd_one_out_survey/images/trial_0300_B_gen_imgs.png,23,32,same_2,/gpfs/radev/home/rj265/project/cluster_odd_one_out_survey/images/trial_0300_C_center_cells.png,/gpfs/radev/home/rj265/project/cluster_odd_one_out_survey/images/trial_0300_C_gen_imgs.png
